,Player,Height w/o Shoes,Height w/ Shoes,Weight,Wingspan,Standing Reach,Body Fat %,Hand Length,Hand Width,Year
1,Steven Adams,210.19,213.36,254.5,224.79,278.13,6.7,9.5,11,2013
2,Vander Blue,191.77,196.22,197.4,198.12,255.27,4.6,8.5,9.5,2013
3,Lorenzo Brown,193.04,196.22,189.2,200.66,254.0,4,8.25,8.5,2013
4,Reggie Bullock,197.49,200.66,199.8,205.1,259.08,7,8.5,9,2013
5,Trey Burke,182.25,186.06,187,196.85,247.65,6.9,8.25,8.75,2013
6,Kentavious Caldwell-Pope,194.31,196.85,203.6,203.2,255.27,6.5,8.5,9,2013
7,Isaiah Canaan,180.34,182.88,188.4,194.31,240.03,5.9,8.25,9.5,2013
8,Jackie Carmichael,201.93,205.74,241.2,217.17,271.78,5.8,9,10.25,2013
9,Michael Carter-Williams,194.94,197.49,184.4,201.3,256.54,4.4,7.5,8.5,2013
10,Will Clyburn,197.49,200.66,210.4,214.0,266.7,6.9,9.25,10.25,2013
11,Robert Covington,198.75,201.93,208.6,217.81,269.24,4.7,9,8.5,2013
12,Allen Crabbe,196.22,198.75,197.4,211.46,262.89,4.7,8.25,8.5,2013
13,Seth Curry,185.42,190.5,179.2,193.04,247.65,9.6,8,8.25,2013
14,Brandon Davies,204.47,208.91,241.8,217.17,275.59,8.6,9,11,2013
15,Dewayne Dedmon,208.28,212.09,238.8,223.52,276.86,8.4,9,11,2013
16,Gorgui Dieng,207.65,210.19,229.6,222.25,283.21,5.4,9,10,2013
17,James Ennis,197.49,200.66,200.8,212.09,265.43,4.5,8.5,8.75,2013
18,Carrick Felix,194.94,198.75,202.6,206.38,262.89,3.3,8.5,9.5,2013
19,Jamaal Franklin,193.04,196.22,190.8,211.46,262.89,8.3,8.5,8.25,2013
20,Rudy Gobert,214.63,218.44,237.6,234.95,292.1,4.4,9.75,10,2013
21,Archie Goodwin,192.41,196.22,189,207.01,259.08,4.6,8.5,9,2013
22,Erick Green,186.69,190.5,178.2,197.49,248.92,4.4,8.5,9,2013
23,Tim Hardaway Jr,194.31,198.75,199.4,200.66,256.54,6.1,8,9.25,2013
24,Solomon Hill,196.85,200.66,226,205.74,261.62,7.6,9,10.5,2013
25,Richard Howell,198.75,201.93,249.6,208.91,267.97,8.8,8.75,9.5,2013
26,Colton Iverson,209.55,213.36,262.8,218.44,279.4,9.6,9.25,9.5,2013
27,Pierre Jackson,176.53,179.07,176,177.8,228.6,4.5,7.5,8.25,2013
28,Grant Jerrett,205.1,208.91,232,218.44,276.86,10.1,8.5,9.25,2013
29,Myck Kabongo,186.06,189.87,180.4,198.75,248.92,6,8.25,9,2013
30,Kenny Kadji,205.1,208.28,241.6,220.98,270.51,7.5,9,10.25,2013
31,Ryan Kelly,207.65,212.72,228,212.09,279.4,14.8,9,10,2013
32,Shane Larkin,178.44,181.61,170.8,179.71,227.33,3.8,7.5,8.75,2013
33,Ricardo Ledo,194.94,198.12,197.2,201.3,260.35,10.3,8.5,9.25,2013
35,CJ Leslie,201.93,205.1,209.2,219.08,265.43,8,8.75,9,2013
36,Trevor Mbakwe,200.03,203.2,235.8,223.52,270.51,5.9,9.5,11.5,2013
37,Ray McCallum,183.52,187.32,191.4,191.13,245.11,7.3,8,8.75,2013
38,CJ McCollum,188.59,191.13,197,198.75,245.11,8.6,8,9.5,2013
39,Ben McLemore,191.77,194.94,189.2,202.56,255.27,5,8.75,9.5,2013
40,Tony Mitchell 2586,201.93,205.1,236.4,219.71,270.51,5.6,9,10,2013
41,Shabazz Muhammad,194.94,198.75,221.8,210.82,265.43,9,9,10,2013
42,Erik Murphy,205.1,207.01,239.8,209.55,274.32,8,8.75,9.75,2013
43,Mike Muscala,208.91,212.09,230.2,215.9,274.32,6.8,8.5,9,2013
44,Nerlens Noel,208.28,212.72,206.4,222.88,279.4,4.2,9.5,10,2013
45,Victor Oladipo,191.13,193.68,213.2,206.38,255.27,6.6,8.75,9.25,2013
46,Kelly Olynyk,210.19,213.36,234,207.65,274.32,6.7,8.5,10,2013
47,Brandon Paul,189.87,193.04,201,208.91,248.92,5.3,8.5,9.5,2013
48,Norvel Pelle,207.01,209.55,207.2,219.71,276.86,5.2,8.75,9.5,2013
49,Mason Plumlee,211.46,214.63,238.2,210.82,274.32,6.15,9.75,9.5,2013
50,Otto Porter,201.93,204.47,197.6,217.17,267.97,6.7,8.75,9.25,2013
51,Phil Pressey,176.53,181.61,177,188.59,233.68,4.7,7.75,9.75,2013
52,Glen Rice Jr.,194.31,197.49,210.8,206.38,257.81,8.5,8.5,9,2013
53,Andre Roberson,198.75,200.66,205.8,210.82,265.43,7.1,8.75,9.5,2013
54,Dennis Schroeder,185.42,187.96,164.8,202.56,248.92,4.1,8.75,10.5,2013
55,Peyton Siva,181.61,185.42,180.6,190.5,236.22,6.1,8,9.75,2013
56,Tony Snell,198.12,201.3,198.2,212.09,267.97,4.9,9,9.5,2013
57,James Southerland,200.66,203.2,220.6,215.9,269.24,8.05,8,9.5,2013
58,Adonis Thomas,194.94,197.49,231.8,215.9,251.46,7.5,9.25,9.5,2013
59,DeShaun Thomas,195.58,200.66,219.8,208.28,264.16,9.1,8,8.75,2013
60,Jeff Withey,210.19,214.63,221.8,218.44,280.67,8.7,9,9.75,2013
61,Nate Wolters,191.77,194.94,196.4,192.41,248.92,5.5,8.25,8.75,2013
62,BJ Young,188.59,191.77,178.8,203.84,251.46,4.7,8.5,9.5,2013
63,Cody Zeller,210.19,214.0,230,210.19,269.24,4.75,8.5,10.5,2013
1,Jordan Adams,191.77,194.94,208.8,208.28,259.08,10.80,8.50,7.50,2014
2,Kyle Anderson,201.93,204.47,230.1,220.22,273.05,13.35,8.25,8.75,2014
3,Thanasis Antetokounmpo,196.22,198.75,205.2,213.36,265.43,6.05,9.00,9.75,2014
4,Isaiah Austin,212.09,214.63,219.5,224.79,285.75,7.50,8.75,8.75,2014
5,Jordan Bachynski,216.53,218.44,254.1,223.52,275.59,7.50,9.25,10.00,2014
6,Cameron Bairstow,205.1,207.65,252.4,215.27,271.78,8.70,8.75,9.00,2014
7,Khem Birch,201.93,206.38,208.8,215.9,271.78,6.00,9.00,8.50,2014
8,Markel Brown,189.23,191.77,184.4,205.1,254.0,4.20,8.25,9.75,2014
9,Jabari Brown,190.5,193.68,201.9,203.84,254.0,6.05,9.00,9.25,2014
10,Alec Brown,214.0,216.53,231.2,217.17,276.86,7.70,9.25,8.75,2014
11,Deonte Burton,182.88,186.06,192.8,200.66,247.65,7.65,8.25,8.00,2014
12,Jahii Carson,177.16,180.34,179.6,187.96,236.22,6.50,7.50,8.75,2014
14,Jordan Clarkson,191.13,195.58,186.3,203.2,248.92,4.30,8.25,9.00,2014
15,Aaron Craft,184.78,187.32,191.6,187.96,240.03,6.10,7.75,8.50,2014
16,DeAndre Daniels,201.3,204.47,196.0,218.44,270.51,3.85,9.25,10.50,2014
17,Spencer Dinwiddie,194.31,198.12,204.9,203.84,261.62,5.35,8.25,9.00,2014
18,Cleanthony Early,198.12,201.3,209.4,210.19,257.81,4.45,8.50,9.00,2014
19,Melvin Ejim,196.22,200.66,218.5,212.72,262.89,6.45,8.75,9.25,2014
20,Tyler Ennis,185.42,189.23,181.5,201.3,248.92,6.20,8.25,8.75,2014
21,Dante Exum,194.31,198.12,196.3,207.01,261.62,6.40,8.50,9.50,2014
22,CJ Fair,199.39,203.2,218.1,207.01,264.16,5.05,9.00,9.00,2014
23,Aaron Gordon,201.93,205.1,220.1,212.72,266.7,5.05,8.75,10.50,2014
24,Jerami Grant,199.39,202.56,214.0,220.34,271.78,3.75,9.25,9.25,2014
25,PJ Hairston,193.68,196.22,228.0,205.74,256.54,8.20,8.75,9.75,2014
26,Gary Harris,189.23,194.31,204.8,200.03,243.84,4.55,8.50,9.50,2014
27,Joe Harris,194.94,198.75,215.0,198.12,254.0,6.20,8.50,9.75,2014
28,Rodney Hood,201.3,204.47,208.2,204.47,261.62,7.45,8.50,8.50,2014
29,Cory Jefferson,202.56,205.74,218.4,214.63,266.7,5.25,8.75,9.75,2014
30,Nick Johnson,186.69,190.5,198.0,201.3,245.11,6.05,8.75,9.75,2014
31,DeAndre Kane,189.87,194.31,199.9,203.2,251.46,5.00,8.25,9.00,2014
32,Sean Kilpatrick,189.23,193.68,218.7,200.66,251.46,9.20,9.00,9.00,2014
33,Alex Kirk,206.38,210.19,252.0,222.25,278.13,13.60,9.25,10.50,2014
34,Zach LaVine,194.31,197.49,180.9,203.71,254.0,4.70,8.25,8.75,2014
35,Devyn Marble,195.58,199.39,192.4,205.74,259.08,6.90,8.25,8.50,2014
36,James McAdoo,201.93,205.1,227.6,219.08,270.51,6.15,9.25,9.00,2014
37,KJ McDaniels,194.31,198.12,195.6,211.46,259.08,4.50,8.75,9.75,2014
38,Doug McDermott,198.75,202.56,218.0,206.38,261.62,7.10,8.75,9.75,2014
40,Jordan McRae,192.41,196.22,179.4,214.63,264.16,5.20,8.75,8.50,2014
41,Shabazz Napier,180.34,185.42,175.2,191.13,236.22,7.40,8.25,8.50,2014
42,Johnny O'Bryant,201.3,204.47,256.8,219.08,266.7,10.75,9.25,9.50,2014
43,Lamar Patterson,193.04,196.22,226.0,210.82,256.54,10.80,9.00,9.25,2014
44,Adreian Payne,205.74,207.65,238.5,223.52,276.86,7.60,9.25,9.50,2014
45,Elfrid Payton,189.23,192.41,185.4,203.2,250.19,5.65,8.75,9.00,2014
46,Dwight Powell,207.01,210.82,234.4,214.63,266.7,6.20,9.00,9.25,2014
47,Julius Randle,202.56,205.74,249.7,213.36,267.97,9.40,8.75,8.25,2014
48,Glenn Robinson,196.85,200.1,211.4,208.28,255.27,5.05,9.00,9.50,2014
49,LaQuinton Ross,199.39,201.93,238.7,217.81,269.24,16.30,8.75,9.75,2014
50,Marcus Smart,187.96,191.13,227.2,206.38,251.46,10.55,9.00,8.75,2014
51,Russ Smith,181.61,184.78,160.0,191.77,241.3,3.50,8.25,8.50,2014
52,Nik Stauskas,196.22,199.39,206.9,202.56,259.08,12.10,8.50,8.50,2014
53,Jarnell Stokes,200.66,204.47,262.8,216.41,262.89,8.20,9.75,10.50,2014
54,Xavier Thames,188.59,191.77,187.0,193.04,243.84,6.40,8.25,9.00,2014
55,Noah Vonleh,203.2,207.01,247.1,224.16,274.32,7.30,9.75,11.75,2014
56,TJ Warren,200.66,203.84,220.2,208.79,264.16,8.00,8.75,9.00,2014
57,CJ Wilcox,191.77,195.58,201.0,207.65,255.27,6.50,8.75,9.00,2014
58,Kendall Williams,188.59,192.41,183.0,196.85,251.46,7.20,8.00,7.75,2014
59,James Young,196.22,200.03,213.3,213.36,264.16,5.10,9.00,9.50,2014
60,Patric Young,204.47,208.28,246.8,217.81,262.89,5.45,9.25,9.25,2014
1,Cliff Alexander,201.3,204.47,239.2 ,220.98,278.13,5.80,9.50,10.25,2015
2,Justin Anderson,196.22,198.75,230.6,212.72,256.54,5.00,8.50,9.50,2015
3,Brandon Ashley,201.3,204.47,228.0,221.62,266.7,8.80,9.00,9.50,2015
4,Ryan Boatright,177.8,180.34,169.6,184.15,234.95,6.60,7.50,8.75,2015
5,Devin Booker,194.31,197.49,205.8,203.84,260.35,8.30,8.75,9.00,2015
6,Anthony Brown,196.22,204.47,211.0,211.46,265.43,6.10,8.50,9.00,2015
7,Willie Cauley-Stein,211.46,214.63,242.4,220.98,281.94,6.30,9.50,9.00,2015
9,Pat Connaughton,193.04,196.22,215.0,205.1,243.84,10.20,8.50,9.25,2015
10,Quinn Cook,183.52,187.96,179.0,193.04,245.11,6.70,7.50,8.25,2015
11,Branden Dawson,196.85,200.03,230.2,210.82,266.7,5.80,9.00,8.75,2015
12,Sam Dekker,202.56,205.74,218.6,212.09,269.24,7.50,8.50,9.25,2015
13,Michael Frazier,192.41,193.68,199.4,203.2,257.81,7.40,8.25,9.25,2015
14,Treveon Graham,194.94,197.49,219.4,209.55,261.62,5.50,8.50,8.25,2015
15,Jerian Grant,191.13,193.68,198.0,201.93,254.0,5.60,8.25,8.50,2015
16,Olivier Hanlan,191.13,193.68,185.8,199.39,254.0,4.30,8.00,8.75,2015
17,Montrezl Harrell,200.66,201.93,253.4,224.16,276.86,11.90,9.00,9.75,2015
18,Aaron Harrison,194.31,198.12,209.2,203.84,255.27,6.00,8.30,10.00,2015
19,Andrew Harrison,194.31,196.85,213.2,205.74,254.0,5.90,8.25,9.25,2015
20,Tyler Harvey,189.87,193.04,181.4,196.85,250.19,9.20,7.75,8.75,2015
21,Corey Hawkins,184.78,187.32,191.8,203.2,252.73,5.50,8.30,9.00,2015
22,Rondae Hollis-Jefferson,196.85,200.66,210.8,218.44,264.16,5.00,8.75,9.75,2015
23,Jonathan Holmes,203.84,206.38,242.2,212.09,273.05,7.20,8.25,9.50,2015
24,Richaun Holmes,203.84,207.01,242.8,217.17,274.32,8.80,8.50,8.50,2015
25,RJ Hunter,194.31,198.12,185.0,209.55,264.16,6.00,8.50,8.25,2015
27,Mouhammadou Jaiteh,207.01,209.55,246.8,221.62,280.67,9.90,9.00,9.25,2015
28,Dakari Johnson,210.82,212.72,264.6,218.44,284.48,14.90,9.25,10.50,2015
29,Stanley Johnson,195.58,199.39,241.8,212.09,259.08,7.50,9.00,9.00,2015
30,Tyus Jones,183.52,187.96,184.6,195.58,246.38,6.50,8.25,8.75,2015
31,Frank Kaminsky,212.72,215.27,231.2,210.82,278.13,9.40,8.50,9.50,2015
32,Kevon Looney,203.2,206.38,222.4,222.25,279.4,11.90,9.50,9.25,2015
33,Trey Lyles,205.74,208.91,241.2,217.17,274.32,12.10,9.25,10.25,2015
35,TJ McConnell,184.15,187.96,187.8,187.96,245.11,7.30,7.50,7.00,2015
36,Chris McCullough,203.84,205.74,199.0,221.62,276.86,6.20,8.75,8.75,2015
37,Jordan Mickey,200.66,203.84,238.0,221.49,269.24,7.20,8.75,9.50,2015
38,Larry Nance,201.93,204.47,226.6,217.17,274.32,6.40,9.00,9.75,2015
39,Kelly Oubre,197.49,200.03,202.8,219.08,260.35,5.70,9.00,8.75,2015
40,Cameron Payne,184.78,186.69,182.6,201.3,247.65,6.30,8.50,8.25,2015
41,Terran Petteway,194.94,198.12,209.2 ,211.33,265.43,4.90,8.25,8.25,2015
42,Bobby Portis,207.01,209.55,246.2,218.44,275.59,8.90,9.50,9.25,2015
43,Norman Powell,190.5,193.68,215.4,210.19,260.35,6.40,9.25,9.00,2015
44,Michael Qualls,193.04,195.58,201.4,214.0,265.43,4.00,9.00,10.25,2015
45,Chasson Randle,184.78,186.69,178.8,200.66,245.11,4.50,8.50,9.50,2015
46,Terry Rozier,184.78,188.59,190.2,203.84,250.19,5.60,8.25,8.75,2015
47,D'Angelo Russell,191.13,195.58,193.4,207.65,259.08,8.30,8.75,9.75,2015
48,Keifer Sykes,179.07,182.25,167.2,187.96,236.22,5.00,8.50,9.50,2015
49,Tashawn Thomas,201.3,203.2,240.2,218.44,274.32,12.40,9.00,9.25,2015
50,Marcus Thornton,187.32,189.87,177.4,202.56,247.65,5.30,8.25,8.50,2015
51,JP Tokoto,196.22,198.75,195.8,208.28,255.27,4.10,8.00,8.75,2015
52,Myles Turner,207.65,212.09,238.6,223.52,284.48,9.30,9.25,9.25,2015
53,Robert Upshaw,210.19,213.36,258.2,227.33,287.02,12.50,10.00,11.00,2015
54,Rashad Vaughn,192.41,195.58,198.6,200.66,256.54,6.20,8.00,8.50,2015
55,Chris Walker,205.1,206.38,208.0,220.34,274.32,5.10,9.00,9.00,2015
57,Aaron White,202.56,205.1,219.8,212.09,270.51,8.00,8.25,9.25,2015
58,Alan Williams,201.3,203.84,261.4,217.81,270.51,12.00,8.50,9.50,2015
59,Justise Winslow,194.31,199.39,221.8,208.91,265.43,5.30,8.50,9.25,2015
60,Christian Wood,206.38,209.55,216.0,221.62,283.21,14.70,9.25,10.75,2015
61,Delon Wright,193.68,196.85,181.4,201.93,257.81,6.60,8.00,8.50,2015
62,Joseph Young,184.78,187.96,182.2,195.58,240.03,4.10,8.25,7.50,2015
63,George de Paula,194.31,196.85,197.0,213.36,264.16,6.70,9.50,10.00,2015
1,Ron Baker,191.13,193.68,212.4,207.65,247.65,7.85,8.75,9.50,2016
2,Wade Baldwin,189.23,193.04,201.8,211.46,254.0,5.20,9.00,9.75,2016
3,Anthony Barber,186.69,189.87,173.0,196.85,242.57,4.50,8.00,8.50,2016
4,Malik Beasley,191.77,194.31,189.8,200.66,255.27,6.90,8.50,9.00,2016
5,DeAndre Bembry,193.68,197.49,206.6,206.38,256.54,7.00,8.00,9.25,2016
6,Ben Bentil,201.3,203.84,229.2,217.17,266.7,9.70,9.50,10.00,2016
7,Jaron Blossomgame,198.75,201.3,213.6,208.28,259.08,5.25,8.50,10.00,2016
8,Joel Bolomboy,201.93,205.74,224.4,217.81,262.89,5.15,9.00,10.25,2016
9,Malcolm Brogdon,192.41,196.85,223.0,209.55,248.92,5.40,9.00,10.25,2016
10,Jaylen Brown,196.22,200.03,222.8,212.72,260.35,5.05,8.75,9.00,2016
11,Robert Carter Jr,200.03,204.47,250.6,221.62,270.51,12.45,8.75,9.50,2016
12,Marquese Chriss,205.1,208.28,233.0,214.0,266.7,8.50,9.00,9.00,2016
13,Elgin Cook,195.58,198.75,209.8,208.28,255.27,6.35,8.50,10.25,2016
14,Isaiah Cousins,191.13,194.31,194.0,198.75,250.19,4.80,8.25,8.75,2016
15,Deyonta Davis,206.38,209.55,237.2,219.71,275.59,9.70,9.00,9.25,2016
16,Cheick Diallo,201.93,205.74,218.6,224.79,273.05,5.60,8.50,9.75,2016
18,Henry Ellenson,208.28,212.09,242.0,219.08,274.32,11.20,8.50,9.75,2016
19,Perry Ellis,200.66,203.84,217.8,208.91,259.08,4.60,8.00,8.50,2016
20,AJ English,187.96,190.5,182.2,208.28,250.19,5.30,8.75,8.50,2016
21,Kahlil Felder,173.35,176.53,177.2,189.23,224.79,5.80,8.25,8.50,2016
22,Dorian Finney-Smith,199.39,202.56,212.6,212.72,252.73,6.45,9.00,9.75,2016
23,Michael Gbinije,196.85,200.03,204.6,201.93,256.54,5.40,8.00,9.00,2016
24,Daniel Hamilton,198.75,203.2,197.0,205.74,262.89,5.95,9.00,8.50,2016
25,Josh Hart,193.04,196.85,203.6,204.47,252.73,5.75,8.50,9.25,2016
26,Nigel Hayes,198.75,201.3,245.0,220.98,257.81,10.90,8.50,9.50,2016
27,Buddy Hield,192.41,195.58,212.4,206.38,256.54,6.10,8.50,9.00,2016
29,Demetrius Jackson,182.88,186.06,193.8,196.85,236.22,6.50,8.25,9.00,2016
30,Justin Jackson,200.66,203.84,193.4,210.19,262.89,7.60,8.75,8.75,2016
31,Brice Johnson,205.74,209.55,208.6,214.63,270.51,7.50,9.00,8.25,2016
32,Damian Jones,208.91,212.09,243.6,222.88,271.78,6.55,8.75,10.50,2016
33,Skal Labissiere,209.55,212.72,215.8,219.71,267.97,5.70,8.75,9.00,2016
34,Dedric Lawson,200.66,203.2,224.8,218.44,270.51,11.05,9.50,9.50,2016
35,Jake Layman,203.2,206.38,208.6,206.38,259.08,7.10,8.25,9.25,2016
36,Caris LeVert,197.49,200.66,191.0,208.28,256.54,7.55,8.50,9.25,2016
37,Marcus Lee,205.74,208.91,211.0,220.98,273.05,5.35,9.00,9.00,2016
38,Thon Maker,212.72,215.27,216.0,220.98,280.67,6.05,8.75,9.50,2016
39,Patrick McCaw,196.22,200.03,180.8,208.28,255.27,4.70,8.75,8.75,2016
40,Sheldon McClellan,195.58,198.75,198.2,200.66,252.73,4.75,8.00,8.00,2016
41,Isaiah Miles,200.03,202.56,219.6,209.55,266.7,9.60,9.00,9.50,2016
42,Malik Newman,188.59,191.77,182.2,197.49,247.65,5.60,8.25,9.25,2016
43,Georges Niang,200.03,204.47,230.8,208.28,261.62,10.05,9.25,9.25,2016
44,Chinanu Onuaku,205.74,208.28,245.2,220.34,275.59,8.55,9.00,8.00,2016
45,Marcus Paige,184.15,187.32,163.8,198.75,246.38,4.30,7.75,8.75,2016
46,Gary Payton,187.96,190.5,183.8,203.2,252.73,3.95,8.75,9.50,2016
47,Jakob Poeltl,214.0,215.9,239.0,220.34,267.97,5.80,9.25,10.25,2016
48,Taurean Prince,199.39,202.56,220.2,212.09,259.08,6.45,9.00,8.50,2016
49,Zhou Qi,216.53,219.08,218.2,233.05,285.75,4.85,9.25,9.50,2016
50,Malachi Richardson,194.94,198.75,199.6,213.36,257.81,7.00,8.75,10.00,2016
51,Wayne Selden,193.68,197.49,232.4,209.55,256.54,7.30,9.00,9.25,2016
52,Pascal Siakam,203.84,207.01,226.6,221.62,273.05,5.20,9.25,10.00,2016
54,Diamond Stone,205.74,208.91,254.4,220.34,275.59,12.85,8.50,7.75,2016
55,Caleb Swanigan,201.93,204.47,246.6,222.25,271.78,12.55,9.00,10.25,2016
56,Melo Trimble,186.06,189.23,191.8,187.96,234.95,8.35,8.00,8.75,2016
57,Tyler Ulis,174.62,177.8,149.2,187.96,224.79,5.20,7.50,7.50,2016
58,Jarrod Uthoff,204.47,207.65,214.4,212.09,264.16,6.00,8.75,9.00,2016
59,Denzel Valentine,193.04,197.49,210.4,210.19,259.08,9.20,8.50,9.75,2016
60,Isaiah Whitehead,191.13,194.31,210.0,205.1,254.0,9.25,8.50,8.75,2016
61,Troy Williams,197.49,200.03,217.8,203.84,259.08,10.00,8.25,9.25,2016
62,Kyle Wiltjer,205.1,208.28,242.8,214.0,260.35,15.25,8.25,9.50,2016
1,Bam Adebayo,205.1,207.65,242.6,220.34,274.32,5.2,9.5,8.75,2017
2,Rawle Alkins,189.23,192.41,222.6,205.1,251.46,11,8.75,10,2017
3,Jarrett Allen,205.74,208.91,233.6,226.69,278.13,7.4,9.5,10.5,2017
4,Kadeem Allen,185.42,188.59,192.4,206.38,252.73,6.4,8.5,8.75,2017
5,Ike Anigbogu,204.47,207.65,252.2,229.24,280.67,5.4,9.5,10,2017
6,OG Anunoby,198.75,202.56,232.4,219.08,273.05,6.8,9.25,9.5,2017
7,Jamel Artis,196.85,200.03,213.2,208.28,266.7,11.9,9.25,9.75,2017
8,Dwayne Bacon,194.94,198.75,221.6,208.28,262.89,7.9,8.75,10,2017
9,VJ Beachem,198.75,203.2,193.4,208.91,265.43,6.8,8.5,9,2017
10,Jordan Bell,200.66,204.47,223.6,212.72,265.43,5.4,9.25,9.5,2017
11,Jaron Blossomgame,197.49,200.03,218.6,208.28,265.43,5.7,8.75,10.25,2017
12,Chris Boucher,203.2,207.01,182.2,223.52,280.67,5.4,9.25,10.5,2017
13,Tony Bradley,206.38,210.19,248.8,226.06,285.75,12,9.5,9.5,2017
14,Isaiah Briscoe,186.06,189.87,222.4,205.74,252.73,11,9,9.25,2017
15,Dillon Brooks,195.58,198.12,220.2,198.12,255.27,7.5,8.25,9.25,2017
16,Thomas Bryant,207.01,210.19,247.8,228.6,285.75,9.4,9.5,10.25,2017
17,John Collins,203.84,207.01,225.2,211.46,270.51,5.4,9,10,2017
18,Zach Collins,208.91,213.36,232.2,215.9,281.94,8.9,8.75,9.25,2017
19,Hamidou Diallo,192.41,195.58,197.4,211.46,257.81,5.2,8.5,9.5,2017
20,Tyler Dorsey,190.5,194.31,182.6,196.22,252.73,4.7,8.5,9.25,2017
21,Damyean Dotson,194.31,196.85,205.2,205.74,254.0,5.3,8.5,9.25,2017
22,PJ Dozier,196.22,200.03,200.6,210.82,256.54,6.1,8.5,9.5,2017
23,Jawun Evans,179.71,181.61,185.2,196.85,241.3,9.1,8,7.75,2017
24,Terrance Ferguson,196.85,200.66,184.4,205.1,261.62,5.8,8.5,10,2017
25,De'Aaron Fox,187.96,191.13,169.6,199.39,254.0,4.5,8.5,8.5,2017
26,Harry Giles,206.38,209.55,232,221.62,278.13,5.2,9.5,10.75,2017
27,Josh Hart,192.41,195.58,209.2,203.84,256.54,5.8,8.5,9.5,2017
28,Nigel Hayes,198.75,201.93,254.2,221.62,265.43,11.5,8.75,10,2017
29,Isaiah Hicks,201.3,204.47,233.4,214.63,266.7,7.7,8.75,9.75,2017
30,Wesley Iwundu,196.85,200.03,193.4,215.9,267.97,4,8.75,9.5,2017
31,Frank Jackson,187.96,191.77,201.6,201.93,248.92,6.7,8.25,9,2017
32,Justin Jackson,197.49,200.66,200.8,210.82,265.43,8.1,8.75,9.25,2017
33,Justin Jackson,200.66,203.84,219.4,221.62,271.78,7.1,9,9.5,2017
34,Jonathan Jeanne,215.27,218.44,207.4,229.87,288.29,8.7,9.5,10,2017
35,Peter Jok,193.68,197.49,202.4,203.2,259.08,11,8.25,9.5,2017
36,Andrew Jones,190.5,193.68,185,199.39,252.73,4.9,8.5,9,2017
37,Luke Kennard,194.31,196.85,196.2,196.22,250.19,6.6,8,8.75,2017
38,Kyle Kuzma,203.2,207.01,222.6,214.0,273.05,9.4,8.5,9.5,2017
39,TJ Leaf,205.1,207.65,222.2,210.82,271.78,6.8,8.5,9.5,2017
40,Tyler Lydon,203.84,207.01,215,213.36,273.05,13.6,8.75,8.75,2017
41,Frank Mason,180.34,182.88,188.8,191.13,238.76,4.3,8,9.25,2017
42,Kennedy Meeks,205.1,208.91,276.6,215.9,269.24,11.5,8.75,8.75,2017
43,Eric Mika,204.47,207.65,232.8,208.28,270.51,6.5,8.25,8.75,2017
44,Donovan Mitchell,186.06,190.5,211.4,208.28,246.38,5.9,8.5,9.5,2017
45,Monte Morris,186.06,189.23,175.2,193.04,245.11,6.9,8.25,8.75,2017
47,Svi Mykhailiuk,199.39,201.93,219.6,195.58,254.0,11.4,8,9.25,2017
48,Semi Ojeleye,196.22,200.03,241.4,207.65,259.08,5.5,8.75,9.5,2017
49,Cam Oliver,200.66,203.84,238.6,216.53,270.51,7.7,9.5,10.25,2017
50,Justin Patton,208.28,211.46,229,220.98,283.21,7.8,8.75,9.75,2017
51,Alec Peters,201.3,205.1,232,210.19,266.7,8.8,8.75,10,2017
52,Ivan Rabb,205.1,208.28,219.6,217.17,276.86,6.8,8.75,9.00,2017
53,Davon Reed,194.31,196.85,206.2,213.36,259.08,6.5,9.25,9.50,2017
54,Devin Robinson,200.66,203.84,189.6,215.27,269.24,3.2,9.25,10.25,2017
55,Kobi Simmons,191.13,194.31,166.2,198.12,251.46,5.0,8.50,9.50,2017
56,Edmond Sumner,193.04,197.49,176.4,205.74,260.35,8.3,8.25,9.00,2017
58,Sindarius Thornwell,191.77,194.94,211.6,208.28,261.62,7.8,8.75,8.75,2017
59,Melo Trimble,186.06,189.23,195.2,187.96,242.57,10.6,8.00,8.75,2017
60,Moritz Wagner,208.28,211.46,231.2,213.36,274.32,6.7,8.75,10.75,2017
61,Derrick Walton Jr,180.34,184.78,188.6,189.23,241.3,5.8,8.00,8.50,2017
62,Thomas Welsh,212.09,214.63,254.0,213.36,278.13,10.9,9.00,10.50,2017
63,Derrick White,191.13,194.31,189.8,201.93,257.81,6.2,8.25,8.50,2017
64,Nigel Williams-Goss,186.69,190.5,190.2,201.17,251.46,5.6,8.75,9.25,2017
65,DJ Wilson,205.1,209.55,234.4,220.98,278.13,6.4,9.25,10.25,2017
66,Omer Yurtseven,209.55,212.72,248.4,215.9,275.59,7.6,9.00,10.50,2017
1,Rawle Alkins,189.87,193.68,217.4,205.1,251.46,8.90,8.50,10.00,2018
2,Grayson Allen,190.5,194.31,198.0,201.3,246.38,5.55,8.25,10.00,2018
3,Kostas Antetokounmpo,205.74,209.55,194.8,219.08,279.4,5.00,9.25,9.50,2018
4,Udoka Azubuike,208.28,214.0,273.8,231.14,285.75,7.95,9.50,10.00,2018
5,Mohamed Bamba,211.46,215.27,225.6,238.76,293.37,6.20,9.75,10.25,2018
6,Jaylen Barford,186.06,188.59,207.6,191.77,245.11,11.65,8.00,8.25,2018
7,Keita Bates-Diop,201.3,204.47,223.8,221.62,270.51,5.35,9.00,8.50,2018
8,Tyus Battle,195.58,200.03,200.2,205.74,259.08,4.00,8.50,9.25,2018
10,Miles Bridges,196.22,200.03,220.4,205.74,262.89,5.90,9.00,9.75,2018
11,Troy Brown,197.49,200.03,208.0,208.91,266.7,7.05,9.00,9.75,2018
12,Bruce Brown,191.77,195.58,194.6,205.74,250.19,3.75,8.50,8.50,2018
13,Jalen Brunson,185.42,188.59,198.4,193.04,243.84,6.70,8.25,9.25,2018
14,Tony Carr,190.5,194.31,198.8,203.84,254.0,6.50,8.50,9.75,2018
15,Wendell Carter,205.1,208.28,251.4,224.79,276.86,7.85,8.50,9.00,2018
16,Jevon Carter,183.52,186.69,196.2,193.68,241.3,4.15,9.25,8.50,2018
17,Donte DiVincenzo,191.77,194.31,200.,199.39,247.65,5.00,8.25,9.00,2018
18,Hamidou Diallo,193.68,198.12,197.0,212.09,261.62,4.45,8.75,9.00,2018
19,Trevon Duval,186.69,189.23,191.0,203.84,247.65,5.20,8.75,10.00,2018
21,Jacob Evans,193.68,196.85,199.6,206.38,260.35,6.50,9.00,9.25,2018
22,Keenan Evans,186.69,190.5,183.2,196.22,248.92,6.50,8.50,8.00,2018
23,Bruno Fernando,205.1,207.65,233.2,224.16,276.86,5.25,9.50,10.00,2018
24,Melvin Frazier,194.31,198.12,198.2,217.81,266.7,7.90,9.50,9.50,2018
25,Shai Gilgeous-Alexander,194.31,198.12,180.0,212.09,264.16,3.00,9.00,9.00,2018
26,Devonte Graham,183.52,186.69,186.4,198.75,243.84,4.80,8.50,9.50,2018
27,Isaac Haas,216.53,220.34,303.0,226.06,283.21,12.55,10.00,10.50,2018
28,Devon Hall,193.68,198.12,206.4,202.56,259.08,8.45,8.50,10.00,2018
30,Kevin Hervey,199.39,202.56,211.6,222.25,271.78,5.15,9.25,10.25,2018
31,Aaron Holiday,182.25,184.78,187.0,201.93,246.38,6.40,8.75,8.50,2018
32,Kevin Huerter,198.75,201.3,194.0,201.93,257.81,8.60,8.25,8.50,2018
33,Jaren Jackson Jr,207.65,211.46,236.0,226.69,279.4,7.20,10.00,10.00,2018
34,Justin Jackson,198.12,200.03,229.4,220.98,266.7,8.90,9.00,9.50,2018
35,Alize Johnson,201.3,203.2,216.6,204.98,261.62,8.10,8.50,9.75 ,2018
36,George King,194.94,198.12,218.6,212.09,257.81,7.25,9.00,10.25,2018
37,Kevin Knox,202.56,205.74,212.6,212.72,274.32,4.95,8.75,9.25,2018
38,Sagaba Konate,199.39,201.93,246.0,213.36,270.51,7.35,9.25,10.00,2018
40,Caleb Martin,194.94,198.12,195.8,208.28,257.81,7.00,8.50,8.75,2018
41,Yante Maten,201.3,204.47,246.2,214.63,273.05,8.10,9.25,10.00,2018
42,Brandon McCoy,212.09,214.63,250.4,218.44,280.67,8.70,9.75,9.50,2018
43,De'Anthony Melton,188.59,191.13,193.2,204.47,252.73,5.20,8.50,9.50,2018
44,Chimezie Metu,204.47,207.01,219.6,214.63,274.32,5.05,9.00,9.25,2018
45,Shake Milton,194.31,196.85,207.2,215.27,252.73,6.80,8.75,9.50,2018
46,Sviatoslav Mykhailiuk,199.39,202.56,211.6,194.94,254.0,8.45,8.25,9.50,2018
47,Malik Newman,189.23,191.13,189.2,196.85,250.19,6.25,8.50,9.50,2018
48,Josh Okogie,190.5,194.31,210.8,213.36,259.08,5.20,9.00,9.75,2018
49,Theo Pinson,195.58,200.03,211.2,210.19,262.89,7.35,9.00,9.00,2018
50,Michael Porter,207.01,210.19,211.0,214.0,275.59,6.40,8.75,9.25,2018
51,Jontay Porter,208.28,212.09,236.0,214.0,276.86,13.85,8.75,9.50,2018
52,Billy Preston,205.1,209.55,222.4,218.44,274.32,5.45,9.25,9.50,2018
53,Raymond Spalding,205.74,208.91,215.4,225.43,276.86,5.55,9.25,9.00,2018
54,Jerome Robinson,193.04,195.58,188.4,201.3,248.92,6.05,9.00,10.00,2018
55,Collin Sexton,184.15,186.69,183.0,201.3,250.19,5.60,8.25,8.50,2018
56,Landry Shamet,193.04,196.22,188.6,200.03,254.0,4.85,8.00,9.00,2018
57,Anfernee Simons,188.59,191.13,183.2,206.38,252.73,7.70,8.75,9.00,2018
58,Zhaire Smith,189.87,193.04,198.6,207.65,254.0,6.05,8.75,8.25,2018
59,Omari Spellman,203.2,206.38,253.8,218.44,273.05,13.75,9.00,9.00,2018
60,Khyri Thomas,189.23,192.41,198.8,209.55,256.54,6.40,8.75,9.25,2018
61,Gary Trent Jr,193.68,197.49,204.2,205.1,248.92,7.00,8.50,9.50,2018
62,Allonzo Trier,192.41,196.22,198.0,200.03,248.92,4.95,8.25,10.50,2018
63,Moritz Wagner,209.55,212.09,241.4,213.36,274.32,6.75,9.00,10.75,2018
64,Lonnie Walker,192.41,194.31,196.2,208.91,252.73,5.65,9.00,9.50,2018
65,PJ Washington,199.39,203.2,223.0,219.71,271.78,6.85,9.00,10.25,2018
66,Austin Wiley,203.84,208.28,249.4,226.06,281.94,5.00,9.75,10.25,2018
67,Kris Wilkes,199.39,201.93,205.0,208.91,262.89,5.15,8.75,9.25,2018
68,Kenrich Williams,198.12,201.93,200.4,201.3,262.89,5.95,8.50,9.75,2018
1,Nickeil Alexander-Walker,193.68,196.85,203.8,205.74,259.08,5.90,8.50,8.75,2019
3,Charles Bassey,205.1,208.28,239.0,222.25,278.13,8.50,9.25,9.50,2019
5,Bol Bol,215.27,219.71,208.0,231.14,293.37,7.10,9.25,9.50,2019
6,Jordan Bone,186.69,189.87,179.0,191.13,241.3,5.00,7.50,9.25,2019
8,Ky Bowman,185.42,188.59,181.2,200.66,248.92,4.90,8.25,9.00,2019
9,Ignas Brazdeikis,197.49,201.3,220.8,206.38,259.08,6.00,8.75,9.50,2019
10,Oshae Brissett,200.66,203.2,203.2,213.36,264.16,2.90,9.00,9.50,2019
11,Moses Brown,216.53,219.71,237.2,225.43,287.02,7.80,9.50,10.25,2019
12,Brandon Clarke,201.3,203.84,207.2,203.84,259.08,4.90,8.25,9.50,2019
13,Nicolas Claxton,208.28,212.72,216.6,219.71,279.4,4.50,9.25,9.50,2019
14,Tyler Cook,201.3,205.1,245.4,214.63,270.51,6.10,9.50,10.75,2019
15,Jarrett Culver,196.22,200.03,194.2,207.01,255.27,5.00,8.25,8.50,2019
16,Terence Davis,190.5,194.31,192.4,205.1,256.54,4.10,9.25,10.75,2019
17,Luguentz Dort,189.87,193.68,222.2,204.47,252.73,5.00,8.50,9.00,2019
18,Devon Dotson,182.88,187.96,178.6,191.13,242.57,5.90,8.25,9.50,2019
21,Bruno Fernando,205.1,208.91,237.0,221.62,279.4,5.40,9.25,10.00,2019
22,Daniel Gafford,206.38,209.55,237.6,219.08,279.4,5.90,9.25,9.25,2019
24,Quentin Grimes,193.04,196.22,209.6,202.56,255.27,8.40,8.25,10.00,2019
25,Kyle Guy,184.78,188.59,167.8,194.31,242.57,5.70,8.00,8.75,2019
27,Jared Harper,177.16,180.34,169.2,196.85,238.76,3.90,8.25,9.50,2019
28,Jaxson Hayes,208.91,212.09,218.6,222.25,280.67,5.00,9.25,10.50,2019
29,Dewan Hernandez,205.74,208.91,232.8,217.81,271.78,6.10,9.50,10.25,2019
30,Tyler Herro,194.31,198.12,192.4,191.13,255.27,7.10,8.00,8.75,2019
31,Jaylen Hoard,201.3,205.74,212.6,215.27,267.97,6.70,8.75,9.75,2019
32,Talen Horton-Tucker,189.23,193.04,235.4,216.53,261.62,8.40,9.50,9.75,2019
34,DaQuan Jeffries,193.04,195.58,215.6,211.46,264.16,3.90,9.50,10.25,2019
35,Ty Jerome,193.68,196.85,194.4,193.04,248.92,6.50,8.25,9.50,2019
36,Keldon Johnson,194.94,198.12,216.4,206.38,264.16,5.60,8.00,9.25,2019
37,Cameron Johnson,200.66,204.47,205.2,208.28,261.62,5.80,8.00,8.50,2019
38,Mfiondu Kabengele,205.1,208.91,256.2,220.98,278.13,5.10,9.25,10.75,2019
39,Louis King,200.03,203.2,195.2,214.0,265.43,4.80,8.00,8.50,2019
41,Dedric Lawson,200.66,204.47,233.0,219.08,273.05,8.90,9.75,9.75,2019
42,Jalen Lecque,189.23,193.68,185.2,204.47,250.19,4.00,8.75,8.50,2019
43,Nassir Little,194.31,198.12,224.2,216.53,265.43,5.90,8.75,10.00,2019
44,Terance Mann,194.94,199.39,204.6,202.56,256.54,4.00,9.50,9.25,2019
46,Charles Matthews,195.58,198.75,194.8,207.01,261.62,3.80,8.50,8.75,2019
47,Jalen McDaniels,203.84,207.65,191.6,214.0,267.97,5.70,9.00,10.00,2019
49,Zach Norvell Jr,194.31,196.85,206.4,198.12,256.54,7.50,8.50,9.50,2019
50,Jaylen Nowell,191.13,193.68,202.4,201.3,248.92,6.10,8.25,8.50,2019
51,Jordan Nwora,197.49,201.93,220.0,209.55,261.62,7.80,8.50,9.25,2019
53,KZ Okpala,201.3,207.01,209.6,217.81,270.51,4.60,9.25,9.25,2019
54,Miye Oni,193.68,197.49,205.6,210.19,255.27,4.90,9.00,10.00,2019
55,Eric Paschall,198.12,201.3,254.4,212.72,262.89,6.30,9.00,9.50,2019
56,Reggie Perry,203.2,206.38,250.8,214.63,269.24,6.70,9.00,10.00,2019
57,Shamorie Ponds,181.61,184.15,180.0,191.77,245.11,9.80,7.75,8.00,2019
58,Jordan Poole,191.77,196.85,190.8,200.03,252.73,7.50,8.25,8.50,2019
59,Jontay Porter,207.65,210.82,210.4,213.36,278.13,8.50,8.75,9.50,2019
60,Kevin Porter Jr,193.04,196.85,212.6,205.74,261.62,5.10,8.75,8.75,2019
61,Neemias Queta,210.19,214.0,225.8,224.16,283.21,6.30,9.50,11.00,2019
62,Cameron Reddish,199.39,203.2,207.8,214.63,267.97,4.70,9.00,9.00,2019
63,Naz Reid,205.1,207.01,255.8,221.62,276.86,14.00,9.50,9.25,2019
64,Isaiah Roby,201.3,204.47,214.0,215.9,269.24,3.90,9.00,10.50,2019
65,Luka Samanic,207.01,210.82,227.2,209.55,271.78,5.60,8.50,9.00,2019
66,Admiral Schofield,193.04,196.22,240.6,207.52,260.35,6.80,8.75,9.00,2019
67,Marial Shayok,194.31,196.85,196.8,214.0,262.89,4.70,8.75,9.25,2019
68,Simi Shittu,204.47,207.01,227.2,216.53,269.24,6.20,8.75,8.50,2019
70,PJ Washington,199.39,203.2,230.4,219.08,270.51,8.60,9.00,10.25,2019
71,Tremont Waters,176.53,179.71,172.4,188.59,237.49,6.60,8.00,9.75,2019
72,Quinndary Weatherspoon,190.5,193.68,206.6,205.74,254.0,6.10,8.50,9.00,2019
73,Coby White,191.77,194.94,191.4,195.58,247.65,4.30,7.75,9.00,2019
74,Kris Wilkes,198.75,202.56,208.8,210.19,261.62,4.90,8.50,9.50,2019
75,Grant Williams,197.49,201.93,240.2,207.65,265.43,5.40,9.00,10.50,2019
77,Dylan Windler,198.75,201.93,195.8,208.28,265.43,4.60,8.25,9.50,2019
