,Year,Player,POSITION,DRAFT_NUMBER,HEIGHT_WO_SHOES,WEIGHT,WINGSPAN,STANDING_REACH,STANDING_REACH_FT_IN,STANDING_VERTICAL_LEAP,MAX_VERTICAL_LEAP,LANE_AGILITY_TIME,THREE_QUARTER_SPRINT,Age (Days),DRAFT_NUMBER,G,MP,FG%,2P%,3P%,FT%,PTS,TRB,AST,STL,BLK,WS,BPM,Total Minutes,Seasons Played,Average Minutes
0,2000,Speedy Claxton,PG,20,70.5,166.0,72.0,94.5,7' 10.5'',36.0,42.5,10.48,3.06,8188,20,31,1089,.470,.500,.381,.764,22.8,5.4,6.0,3.3,0.2,7.0,,8541,7,1220.142857142857
1,2000,Khalid El-Amin,PG,34,69.0,200.0,73.5,93.0,7' 9'',27.5,32.0,10.59,3.32,7810,34,35,1118,.411,.443,.356,.892,16.0,3.1,5.2,1.7,0.1,4.4,,936,1,936.0
2,2000,A.J. Guyton,PG-SG,32,72.75,175.0,75.75,97.5,8' 1.5'',33.0,37.5,10.55,3.22,8102,32,29,995,.459,.485,.419,.789,19.7,3.1,2.3,1.0,0.4,4.3,,1242,3,414.0
3,2000,Jason Hart,PG,49,73.75,181.0,78.0,97.5,8' 1.5'',29.5,33.5,11.7,3.34,8179,49,32,1083,.411,.460,.330,.734,11.9,3.0,6.5,1.8,0.1,3.6,,5311,9,590.1111111111111
4,2000,Dan Langhi,SF,31,81.0,197.5,80.0,104.0,8' 8'',31.0,34.5,10.85,3.24,8753,31,30,1033,.477,.511,.403,.871,22.1,6.0,0.8,0.4,0.3,5.3,,1248,4,312.0
5,2000,Dan McClintock,C-PF,53,83.0,250.0,85.5,107.0,8' 11'',33.0,35.0,11.52,3.33,8534,53,31,754,.597,.597,0,.682,15.6,6.5,1.2,0.4,2.3,4.5,,58,1,58.0
6,2000,Eduardo Najera,PF-SF,38,78.5,234.5,83.5,104.5,8' 8.5'',28.0,35.0,11.38,3.45,8981,38,34,1162,.455,.500,.220,.688,18.4,9.2,2.1,1.7,0.7,6.3,,11185,12,932.0833333333334
7,2000,Chris Porter,SF-PF,55,77.5,214.0,81.5,103.5,8' 7.5'',28.5,35.0,10.93,3.2,8189,55,26,755,.464,.477,.235,.676,14.6,7.3,1.2,2.0,0.3,4.1,,1145,1,1145.0
8,2000,Lavor Postell,SG,39,76.5,205.0,80.5,101.5,8' 5.5'',33.5,36.5,11.79,3.3,8116,39,33,1155,.428,.463,.294,.809,14.3,6.9,1.8,0.9,0.6,2.2,,443,3,147.66666666666666
9,2000,Michael Redd,SG-SF,43,76.75,214.0,81.0,102.0,8' 6'',27.0,31.0,12.06,3.34,7929,43,30,1004,.436,.474,.315,.776,17.3,6.5,2.1,1.2,0.2,4.0,,20085,12,1673.75
10,2000,Mike Smith,SF,35,78.5,198.0,80.5,103.0,8' 7'',33.0,21.0,11.32,3.22,8895,35,28,1011,.424,.511,.338,.801,20.1,9.4,3.4,1.5,0.9,4.6,,180,1,180.0
11,2000,Jabari Smith,PF-C,45,81.75,240.5,86.5,109.5,9' 1.5'',24.5,30.0,12.45,3.43,8467,45,34,969,.553,.579,.371,.595,12.5,7.0,2.2,0.7,1.0,5.2,,1068,4,267.0
12,2001,Brandon Armstrong,SG,23,75.5,188.0,81.5,99.5,8' 3.5'',30.0,37.0,10.91,3.2,7861,23,31,1027,.447,.484,.384,.826,22.1,3.3,1.5,1.5,0.2,4.8,,700,3,233.33333333333334
13,2001,Shane Battier,SF-PF,6,80.25,229.0,82.5,105.0,8' 9'',29.5,33.0,10.95,3.3,8674,6,39,1363,.471,.536,.419,.796,19.9,7.3,1.8,2.1,2.3,10.1,,29952,13,2304.0
14,2001,Ruben Boumtje-Boumtje,C,49,83.5,245.0,88.0,111.0,9' 3'',26.5,31.0,11.84,3.33,8565,49,33,713,.517,.517,0,.718,9.1,6.8,0.9,0.7,2.4,5.4,,274,3,91.33333333333333
15,2001,Michael Bradley,PF,17,81.5,227.0,85.5,107.0,8' 11'',27.0,30.0,11.11,3.35,8168,17,31,1053,.692,.727,.353,.590,20.8,9.8,2.6,0.9,1.8,6.4,,2019,5,403.8
16,2001,Jamison Brewer,PG,40,74.5,178.0,80.75,102.5,8' 6.5'',26.0,32.5,9.65,3.15,8014,40,32,1035,.469,.534,.227,.529,8.4,7.2,5.8,1.5,0.1,2.9,,464,4,116.0
17,2001,Damone Brown,SF,36,80.25,202.0,83.75,104.5,8' 8.5'',32.0,37.0,11.81,3.27,8238,36,34,1242,.492,.499,.286,.791,16.4,8.8,1.6,1.7,1.4,5.8,,350,4,87.5
18,2001,Omar Cook,PG,31,71.5,189.0,77.5,92.0,7' 8'',31.0,35.5,10.77,3.2,6993,31,29,1107,.360,.424,.309,.742,15.3,3.0,8.7,2.3,0.2,3.2,,214,2,107.0
19,2001,Alton Ford,PF,50,80.25,271.0,82.5,102.5,8' 6.5'',34.5,36.5,11.7,3.16,7479,50,26,663,.432,.462,.265,.609,10.8,5.9,0.7,0.2,0.7,1.2,,521,3,173.66666666666666
20,2001,Joseph Forte,SG,21,75.5,193.0,78.5,100.5,8' 4.5'',26.5,33.0,11.51,3.19,7413,21,33,1145,.450,.476,.377,.853,20.9,6.1,3.5,2.0,0.4,4.8,,123,2,61.5
21,2001,Eddie Griffin,PF-SF,7,81.25,222.0,87.0,110.0,9' 2'',26.5,33.0,11.77,3.21,7115,7,30,979,.429,.469,.320,.734,17.8,10.8,1.6,0.9,4.4,4.6,,6733,5,1346.6
22,2001,Trenton Hassell,SG-SF,29,76.25,205.0,80.0,99.5,8' 3.5'',35.5,37.5,11.57,3.29,8124,29,32,1213,.485,.520,.390,.796,21.7,7.8,4.5,1.2,0.5,4.5,,16266,9,1807.3333333333333
23,2001,Kirk Haston,PF-SF,16,80.0,242.0,84.25,106.0,8' 10'',27.0,31.5,12.25,3.35,8130,16,33,1018,.440,.449,.377,.687,19.0,8.7,1.2,1.1,1.2,4.3,,133,2,66.5
24,2001,Brendan Haywood,C,20,83.75,266.0,90.5,113.5,9' 5.5'',27.0,28.5,12.87,3.5,8387,20,33,901,.592,.592,0,.516,12.3,7.3,1.3,0.5,3.6,5.4,,18647,13,1434.3846153846155
25,2001,Steven Hunter,C-PF,15,82.25,224.0,88.0,108.0,9' 0'',30.5,38.5,11.99,3.15,7631,15,30,808,.592,.592,0,.536,11.4,5.6,0.5,0.2,2.4,3.5,,5973,8,746.625
26,2001,Ken Johnson,C,48,82.75,227.0,88.0,109.5,9' 1.5'',32.5,35.0,11.27,3.12,8456,48,31,916,.578,.578,0,.711,12.5,7.3,0.8,0.4,4.0,6.2,,156,1,156.0
27,2001,Ken Johnson,C,48,82.75,227.0,88.0,109.5,9' 1.5'',32.5,35.0,11.27,3.12,8456,48,31,916,.578,.578,0,.711,12.5,7.3,0.8,0.4,4.0,6.2,,815,1,815.0
28,2001,Joe Johnson,SF-SG,10,78.75,226.0,81.0,105.0,8' 9'',32.5,36.5,12.05,3.4,7509,10,30,873,.468,.476,.443,.747,14.2,6.4,2.6,1.4,0.4,4.1,,44190,18,2455.0
29,2001,Troy Murphy,PF,14,81.75,230.0,83.0,105.5,8' 9.5'',28.5,34.5,11.22,3.43,7817,14,30,1090,.471,.499,.349,.766,21.8,9.2,2.1,0.9,1.7,5.5,,19928,12,1660.6666666666667
30,2001,Jason Richardson,SF-SG,5,76.75,213.0,83.5,102.5,8' 6.5'',32.5,39.5,11.75,3.12,7350,5,33,940,.503,.554,.402,.689,14.7,5.9,2.2,1.2,0.8,6.3,,29255,13,2250.3846153846152
31,2001,Jeryl Sasser,PG-SG,22,77.5,194.0,82.5,103.5,8' 7.5'',29.0,34.0,11.47,3.22,8103,22,29,1011,.394,.437,.287,.718,17.0,8.3,0.8,1.4,0.6,2.9,,1063,2,531.5
32,2001,Kenny Satterfield,PG,53,73.0,176.0,76.5,98.0,8' 2'',28.5,33.0,12.05,3.2,7430,53,35,1203,.387,.415,.333,.788,14.4,4.7,5.1,1.7,0.2,4.6,,1063,2,531.5
33,2001,Bobby Simmons,SF,41,78.25,235.0,84.25,105.0,8' 9'',27.5,34.0,11.69,3.41,7847,41,29,981,.447,.524,.370,.800,16.7,8.6,2.5,0.8,0.1,3.9,,11503,10,1150.3
34,2001,Will Solomon,PG-SG,32,71.75,172.0,81.5,99.5,8' 3.5'',28.5,35.0,11.3,3.22,8625,32,30,998,.397,.421,.377,.788,19.7,2.9,3.4,1.4,0.3,2.9,,1591,2,795.5
35,2001,Jamaal Tinsley,PG,27,72.75,199.0,79.5,97.5,8' 1.5'',28.0,37.5,11.96,3.2,8483,27,31,999,.399,.406,.381,.692,14.3,3.8,6.0,2.5,0.6,4.0,,14410,11,1310.0
36,2001,Rodney White,SF,9,79.5,243.0,83.5,104.5,8' 8.5'',27.5,33.0,12.07,3.47,7873,9,28,865,.487,.533,.347,.713,18.7,6.5,1.5,1.2,0.7,4.4,,3354,4,838.5
37,2002,Robert Archibald,PF-C,31,82.0,250.0,83.75,109.5,9' 1.5'',24.0,27.5,11.34,3.33,8149,31,34,769,.659,.663,.000,.654,10.6,5.5,1.3,0.7,1.1,4.9,,327,2,163.5
38,2002,Lonny Baxter,PF-C,43,78.25,264.0,85.5,107.5,8' 11.5'',28.0,32.5,11.77,3.21,8452,43,35,1005,.545,.547,.000,.623,15.2,8.2,0.8,0.9,2.0,5.8,,1883,4,470.75
39,2002,Carlos Boozer,PF,34,79.75,258.0,86.25,108.5,9' 0.5'',26.5,28.5,10.77,3.31,8015,34,35,993,.665,.667,.000,.754,18.2,8.7,1.1,0.9,0.6,8.5,,26903,13,2069.4615384615386
40,2002,Caron Butler,SF-SG,10,77.25,222.0,83.5,103.5,8' 7.5'',27.0,31.0,12.15,3.33,8133,10,34,1223,.486,.500,.400,.779,20.3,7.5,3.0,2.1,0.4,5.7,,28263,14,2018.7857142857142
41,2002,Rasual Butler,SF,52,78.75,198.0,84.0,105.5,8' 9.5'',31.5,37.5,11.54,3.29,8568,52,32,1252,.434,.464,.361,.855,20.9,8.8,1.4,1.3,1.3,5.5,,17244,13,1326.4615384615386
42,2002,Mike Dunleavy,SF,3,80.0,230.0,81.0,106.0,8' 10'',24.5,29.0,11.55,3.3,8315,3,35,1133,.483,.596,.378,.681,17.3,7.2,2.1,2.3,0.7,7.2,,27351,15,1823.4
43,2002,Mike Dunleavy,SF,3,80.0,230.0,81.0,106.0,8' 10'',24.5,29.0,11.55,3.3,8315,3,35,1133,.483,.596,.378,.681,17.3,7.2,2.1,2.3,0.7,7.2,,8129,11,739.0
44,2002,Corsley Edwards,PF,57,79.25,285.0,82.75,106.5,8' 10.5'',28.5,33.0,12.18,3.31,8490,57,32,992,.504,.504,0,.761,15.4,8.7,1.0,1.4,1.5,6.4,,110,1,110.0
45,2002,Melvin Ely,PF,12,81.0,240.0,88.0,111.0,9' 3'',26.0,29.0,11.96,3.35,8912,12,28,999,.563,.564,.000,.735,23.3,9.1,1.8,0.7,3.1,6.7,,5998,9,666.4444444444445
46,2002,Drew Gooden,PF,4,80.75,227.0,84.5,106.5,8' 10.5'',29.0,33.0,11.81,3.19,7959,4,37,1119,.504,.519,.278,.755,19.8,11.4,2.0,1.8,1.4,6.6,,20092,14,1435.142857142857
47,2002,Marcus Haislip,PF,13,80.5,221.0,84.0,107.0,8' 11'',33.5,36.5,11.35,3.21,8412,13,25,839,.518,.551,.326,.721,16.7,6.7,1.0,0.4,1.8,3.5,,850,4,212.5
48,2002,Randy Holcomb,SF-PF,56,79.0,225.0,85.0,105.0,8' 9'',29.5,35.5,12.85,3.22,8643,56,33,1067,.516,.539,.300,.635,16.9,9.0,1.7,0.7,1.0,4.5,,10,1,10.0
49,2002,Ryan Humphrey,PF-SF,19,78.0,223.0,84.0,104.5,8' 8.5'',31.5,37.5,11.75,3.2,8629,19,31,1103,.489,.489,.500,.598,18.9,10.9,2.6,1.1,2.8,5.9,,772,3,257.3333333333333
50,2002,Jared Jeffries,PF,11,82.0,230.0,84.5,109.0,9' 1'',26.0,30.0,11.73,3.4,8020,11,36,1175,.457,.472,.380,.667,15.0,7.6,2.1,1.5,1.3,5.0,,13551,11,1231.909090909091
51,2002,Kareem Rush,SG-SF,20,76.75,199.0,81.75,103.5,8' 7.5'',26.0,30.0,11.86,3.22,8360,20,36,1149,.426,.444,.405,.769,19.8,5.2,2.5,1.1,0.6,4.7,,5962,7,851.7142857142857
52,2002,John Salmons,SF-SG,26,77.5,207.0,82.25,104.0,8' 8'',30.5,34.5,11.35,3.25,8767,26,32,1077,.461,.509,.310,.842,13.1,6.0,6.1,1.8,0.6,4.9,,23658,13,1819.8461538461538
53,2002,Tamar Slay,SF,53,78.75,203.0,83.5,104.0,8' 8'',32.5,38.0,10.94,3.09,8152,53,30,1031,.446,.468,.419,.731,18.9,5.4,2.4,1.6,0.5,3.2,,516,3,172.0
54,2002,Darius Songaila,PF,49,80.0,240.0,85.0,108.5,9' 0.5'',24.5,29.5,11.69,3.52,8834,49,34,1036,.523,.529,.375,.854,17.9,8.1,2.6,1.3,0.8,5.2,,9234,8,1154.25
55,2002,Dajuan Wagner,PG-SG,6,72.75,193.0,74.0,99.0,8' 3'',28.0,35.0,12.03,3.22,6999,6,36,1146,.410,.453,.317,.722,21.2,2.5,3.6,1.2,0.6,4.1,,2203,4,550.75
56,2002,Chris Wilcox,PF-C,8,80.25,218.0,85.0,107.5,8' 11.5'',31.0,34.5,11.43,3.16,7573,8,36,866,.504,.507,.000,.585,12.0,7.1,1.5,0.8,1.5,4.0,,12449,11,1131.7272727272727
57,2002,Frank Williams,PG,25,73.5,212.0,80.0,100.5,8' 4.5'',26.0,31.0,11.73,3.29,8115,25,35,1135,.393,.423,.340,.808,16.2,4.7,4.4,2.0,0.3,3.8,,948,3,316.0
58,2002,Jay Williams,PG,2,72.25,197.0,75.5,97.0,8' 1'',28.5,36.0,10.34,3.09,7945,2,35,1175,.457,.536,.383,.676,21.3,3.5,5.3,2.2,0.1,6.3,,1960,1,1960.0
59,2002,Vincent Yarbrough,SF,32,77.5,202.0,84.5,104.5,8' 8.5'',30.0,34.0,11.7,3.32,7776,32,31,1097,.425,.462,.359,.687,18.1,7.5,2.8,1.9,0.8,3.6,,1383,1,1383.0
60,2003,Carmelo Anthony,SF,3,78.25,233.0,84.0,105.5,8' 9.5'',30.5,33.5,11.4,3.15,7114,3,35,1274,.453,.496,.337,.706,22.2,10.0,2.2,1.6,0.9,5.8,,43449,19,2286.7894736842104
61,2003,Troy Bell,PG,16,72.25,178.0,77.0,97.5,8' 1.5'',34.5,41.0,10.89,3.06,8735,16,31,1198,.441,.484,.402,.847,25.2,4.6,3.7,2.3,0.2,6.2,,34,1,34.0
62,2003,Keith Bogans,SG,43,76.25,213.0,81.25,101.0,8' 5'',29.5,35.0,11.43,3.25,8557,43,36,1068,.456,.528,.383,.738,15.7,3.8,2.7,1.2,0.1,5.0,,14514,11,1319.4545454545455
63,2003,Matt Bonner,PF-SF,45,80.5,242.0,80.75,105.5,8' 9.5'',27.0,32.0,11.52,3.32,8520,45,33,1037,.510,.531,.474,.733,15.2,6.1,1.5,1.1,0.6,5.5,,13369,12,1114.0833333333333
64,2003,Chris Bosh,PF,4,82.25,225.0,87.5,109.0,9' 1'',30.5,33.0,11.8,3.3,7049,4,31,960,.560,.575,.478,.730,15.6,9.0,1.2,1.0,2.2,6.4,,31911,13,2454.6923076923076
65,2003,Nick Collison,PF,12,80.75,255.0,85.5,108.0,9' 0'',28.0,33.0,11.62,3.28,8721,12,38,1232,.554,.571,.342,.635,18.5,10.0,2.2,1.2,1.9,9.1,,18587,14,1327.642857142857
66,2003,Brian Cook,PF-SF,24,81.5,234.0,86.0,109.0,9' 1'',25.0,29.0,11.87,3.45,8759,24,30,940,.479,.526,.303,.820,20.0,7.6,2.0,0.7,0.4,5.6,,5630,9,625.5555555555555
67,2003,T.J. Ford,PG,8,71.0,162.0,71.5,93.5,7' 9.5'',32.5,39.5,11.45,3.2,7414,8,33,1110,.401,.429,.265,.820,15.0,3.9,7.7,2.0,0.2,4.3,,11869,8,1483.625
68,2003,Willie Green,SG-PG,41,74.5,201.0,79.25,100.0,8' 4'',28.5,28.5,11.86,3.19,8268,41,30,1021,.490,.519,.374,.805,22.6,4.9,2.5,1.3,0.4,5.8,,14784,12,1232.0
69,2003,Travis Hansen,SG,37,76.5,200.0,78.5,100.5,8' 4.5'',31.5,35.0,10.72,3.18,9260,37,32,1025,.441,.480,.340,.799,16.8,4.8,2.4,0.9,0.6,4.6,,508,1,508.0
70,2003,Kirk Hinrich,PG-SG,7,74.75,186.0,78.0,98.5,8' 2.5'',29.0,33.5,10.98,3.1,8062,7,37,1241,.475,.532,.406,.704,17.3,3.8,3.5,1.9,0.4,6.3,,27009,13,2077.6153846153848
71,2003,Josh Howard,SF-SG,29,77.25,202.0,86.0,105.5,8' 9.5'',33.0,36.5,10.89,3.09,8543,29,31,1002,.477,.528,.373,.833,19.5,8.3,1.9,2.1,1.5,7.0,,15309,10,1530.9
72,2003,Brandon Hunter,PF,56,78.5,266.0,86.75,105.5,8' 9.5'',32.5,35.0,11.13,3.21,8749,56,30,1146,.523,.545,.297,.594,21.5,12.6,2.6,0.8,1.2,3.7,,628,2,314.0
73,2003,James Jones,SF,49,79.25,218.0,86.5,107.5,8' 11.5'',30.5,33.0,11.18,3.19,8699,49,28,957,.447,.466,.400,.831,16.9,6.0,1.8,1.6,1.8,4.6,,11105,14,793.2142857142857
74,2003,Dahntay Jones,SG-SF,20,76.75,214.0,81.0,102.5,8' 6.5'',30.0,39.5,10.91,3.11,8782,20,33,1014,.470,.498,.398,.749,17.7,5.5,0.9,1.2,0.5,4.8,,9768,13,751.3846153846154
75,2003,Chris Kaman,C-PF,6,83.5,252.0,83.75,110.5,9' 2.5'',23.5,30.5,11.33,3.37,7813,6,31,1055,.622,.622,0,.749,22.4,12.0,1.2,0.6,3.2,6.8,,19629,13,1509.923076923077
76,2003,Kyle Korver,SF,51,78.25,211.0,81.5,102.5,8' 6.5'',25.5,31.5,11.42,3.47,8137,51,34,1082,.468,.443,.480,.908,17.8,6.4,3.1,1.5,0.7,7.8,,31172,17,1833.6470588235295
77,2003,Dwyane Wade,SG-SF,5,75.75,212.0,82.75,102.0,8' 6'',31.5,35.0,10.56,3.08,7712,5,33,1058,.501,.519,.318,.779,21.5,6.3,4.4,2.2,1.3,6.5,,35763,16,2235.1875
78,2003,David West,PF-SF,18,80.25,226.0,88.25,108.25,9' 0.25'',28.5,31.5,12.18,3.43,8664,18,32,1168,.513,.524,.346,.816,20.1,11.8,3.2,1.3,1.6,9.7,,29120,15,1941.3333333333333
79,2003,Derrick Zimmerman,PG,40,73.0,190.0,81.0,96.25,8' .25'',34.0,40.5,11.09,3.1,8392,40,31,1024,.476,.538,.288,.649,8.9,4.2,5.5,1.9,0.8,4.5,,32,1,32.0
80,2004,Tony Allen,SG,25,75.5,214.0,81.0,102.0,8' 6'',31.5,36.5,10.7,3.19,8071,25,35,1107,.504,.550,.297,.675,16.0,5.5,3.1,2.1,0.9,6.3,,18071,14,1290.7857142857142
81,2004,Luol Deng,SF,7,79.0,220.0,84.5,108.5,9' 0.5'',27.5,31.5,11.46,3.34,7071,7,37,1149,.476,.515,.360,.710,15.1,6.9,1.8,1.3,1.1,5.6,,30953,15,2063.5333333333333
82,2004,Chris Duhon,PG,38,72.0,193.0,78.5,98.0,8' 2'',31.5,35.0,10.45,3.14,8301,38,37,1311,.448,.514,.302,.722,10.0,4.1,6.1,2.2,0.2,4.3,,15530,9,1725.5555555555557
83,2004,Luis Flores,PG-SG,55,72.5,202.0,79.5,98.5,8' 2.5'',29.0,32.0,10.97,3.1,8526,55,31,1121,.442,.478,.374,.863,24.0,3.9,1.6,1.9,0.1,6.1,,77,1,77.0
84,2004,Matt Freije,SF-PF,53,80.25,234.0,85.0,108.5,9' 0.5'',29.5,31.0,11.15,3.25,8697,53,33,985,.415,.452,.356,.788,18.4,5.4,0.9,0.7,0.6,4.6,,575,2,287.5
85,2004,Ben Gordon,PG-SG,3,73.0,192.0,80.5,99.0,8' 3'',31.5,37.5,11.28,3.19,7789,3,39,1346,.434,.434,.433,.829,18.5,4.7,4.5,1.4,0.2,7.0,,20349,11,1849.909090909091
86,2004,Devin Harris,PG,5,73.75,170.0,79.5,98.5,8' 2.5'',30.5,37.0,11.03,3.19,7752,5,32,1162,.459,.540,.373,.792,19.5,4.3,4.4,1.8,0.1,7.8,,23948,15,1596.5333333333333
87,2004,Kris Humphries,PF,14,80.25,238.0,84.5,106.5,8' 10.5'',29.5,36.0,11.33,3.2,7001,14,29,990,.444,.455,.340,.742,21.7,10.1,0.7,0.9,1.1,3.5,,14241,13,1095.4615384615386
88,2004,Jameer Nelson,PG,20,71.0,199.0,74.5,95.0,7' 11'',28.5,33.5,10.95,3.14,8099,20,32,1085,.475,.526,.390,.792,20.6,4.7,5.3,2.8,0.0,6.6,,24506,14,1750.4285714285713
89,2004,Emeka Okafor,C-PF,2,80.75,257.0,88.0,110.5,9' 2.5'',31.5,34.0,12.32,3.15,8328,2,36,1166,.599,.599,0,.518,17.6,11.5,1.0,1.0,4.1,9.9,,19050,10,1905.0
90,2004,Bernard Robinson,SG-SF,45,77.25,208.0,82.0,102.0,8' 6'',28.5,34.5,10.91,3.17,9146,45,34,1095,.432,.477,.250,.770,12.1,5.7,3.8,1.9,0.3,3.5,,1913,3,637.6666666666666
91,2004,Kirk Snyder,SG-SF,16,78.0,228.0,81.0,104.0,8' 8'',30.0,35.0,10.79,3.13,7850,16,34,1079,.431,.470,.348,.731,18.8,5.7,3.4,1.0,0.6,5.2,,3534,4,883.5
92,2004,Pape Sow,PF-C,47,80.5,233.0,86.0,108.5,9' 0.5'',28.0,31.5,12.13,3.27,8747,47,28,901,.494,.507,.333,.675,17.3,9.7,0.9,1.6,0.6,3.9,,875,3,291.6666666666667
93,2004,Jackson Vroman,PF-C,31,81.25,226.0,84.0,105.5,8' 9.5'',29.5,33.5,10.75,3.25,8581,31,32,983,.564,.573,.143,.507,13.9,9.6,2.3,1.4,0.7,4.1,,1113,2,556.5
94,2004,Delonte West,PG-SG,24,73.5,183.0,78.0,99.5,8' 3.5'',30.0,35.0,11.2,3.15,7901,24,32,1073,.510,.557,.412,.892,18.9,5.4,4.7,1.7,0.2,7.0,,11810,8,1476.25
95,2005,Alex Acker,SG,60,75.75,183.0,84.0,102.5,8' 6.5'',28.0,32.0,11.67,3.35,8081,60,31,1152,.450,.459,.431,.858,16.6,6.5,3.7,1.3,0.5,4.0,,235,2,117.5
96,2005,Andrew Bogut,C-PF,1,83.0,250.6,87.0,110.5,9' 2.5'',27.5,33.5,12.06,3.51,8023,1,35,1224,.620,.636,.360,.692,20.4,12.2,2.3,1.0,1.9,10.9,,19852,14,1418.0
97,2005,Travis Diener,PG-SG,38,71.75,165.2,71.75,93.5,7' 9.5'',24.5,31.0,10.85,3.26,8486,38,23,783,.420,.438,.405,.838,19.7,3.9,7.0,1.3,0.0,4.3,,2648,5,529.6
98,2005,Raymond Felton,PG,5,71.5,199.4,76.25,98.0,8' 2'',29.0,33.5,10.5,3.06,7871,5,36,1142,.455,.468,.440,.701,12.9,4.3,6.9,2.0,0.3,5.1,,28829,14,2059.214285714286
99,2005,Francisco Garcia,SF-SG,23,77.75,189.6,82.75,103.0,8' 7'',27.5,31.5,10.63,3.33,9151,23,38,1211,.437,.496,.366,.877,15.7,4.2,3.9,1.7,1.5,7.5,,11872,10,1187.2
100,2005,Joey Graham,SF,16,77.25,216.6,80.0,104.0,8' 8'',30.0,36.0,10.62,3.05,8586,16,33,1009,.529,.538,.473,.887,17.7,6.2,2.0,0.9,0.2,5.8,,6089,6,1014.8333333333334
101,2005,Danny Granger,,17,79.5,225.4,85.5,103.0,8' 7'',31.0,34.0,10.84,3.34,8170,17,30,900,.524,.563,.433,.755,18.8,8.9,2.4,2.1,2.0,7.6,,18439,10,1843.9
102,2005,Luther Head,PG-SG,24,74.0,178.8,77.25,98.5,8' 2.5'',31.5,38.5,11.12,3.21,8751,24,39,1297,.463,.547,.410,.788,15.9,4.0,3.8,1.7,0.2,7.2,,7806,6,1301.0
103,2005,Julius Hodge,SG-SF,20,78.0,202.2,84.5,107.5,8' 11.5'',24.5,29.0,10.89,3.18,8378,20,34,1177,.493,.530,.255,.668,17.0,6.6,4.8,1.4,0.7,5.1,,101,2,50.5
104,2005,Jarrett Jack,PG,22,74.5,197.6,79.5,100.0,8' 4'',26.0,28.5,10.87,3.24,8358,22,32,1091,.514,.549,.442,.866,15.5,4.8,4.5,1.8,0.1,6.1,,24120,13,1855.3846153846155
105,2005,David Lee,PF,30,79.75,229.5,84.0,106.5,8' 10.5'',30.5,32.5,10.8,3.19,8179,30,32,897,.525,.532,.000,.714,13.6,9.0,2.2,1.1,0.8,5.0,,24239,12,2019.9166666666667
106,2005,David Lee,PF,30,79.75,229.5,84.0,106.5,8' 10.5'',30.5,32.5,10.8,3.19,8179,30,26,824,.434,.494,.351,.737,12.5,3.8,2.4,1.3,0.2,1.6,,24239,12,2019.9166666666667
107,2005,Sean May,PF,13,79.0,258.8,85.25,105.0,8' 9'',30.0,33.0,11.04,3.29,7789,13,37,992,.567,.571,.000,.758,17.5,10.7,1.7,1.2,1.0,7.7,,1864,4,466.0
108,2005,Rashad McCants,SG,14,74.75,201.0,82.75,103.5,8' 7.5'',32.5,34.5,10.39,3.11,7960,14,33,856,.489,.544,.423,.722,16.0,3.0,2.7,1.3,0.7,5.0,,5047,4,1261.75
109,2005,Chris Paul,PG,4,71.75,178.0,76.25,93.0,7' 9'',32.0,38.0,11.09,3.22,7456,4,32,1069,.451,.441,.474,.834,15.3,4.5,6.6,2.4,0.0,4.6,,39882,17,2346.0
110,2005,Wayne Simien,PF,29,79.25,255.8,84.0,107.0,8' 11'',27.0,27.5,11.05,3.35,8129,29,26,892,.552,.563,.286,.816,20.3,11.0,1.4,0.6,0.6,5.7,,510,2,255.0
111,2005,Chris Taft,PF,42,80.5,261.0,85.75,109.0,9' 1'',28.5,33.0,11.26,3.27,7400,42,29,769,.580,.580,0,.586,13.3,7.5,0.8,0.4,1.7,4.8,,145,1,145.0
112,2005,Ronny Turiaf,PF,37,80.0,237.8,85.5,106.5,8' 10.5'',30.5,33.0,11.5,3.23,8073,37,31,967,.508,.513,.286,.683,15.9,9.5,1.5,0.4,1.9,4.8,,8026,10,802.6
113,2005,Charlie Villanueva,PF-SF,7,81.0,236.6,84.25,109.0,9' 1'',26.0,31.0,10.86,3.3,7929,7,31,798,.521,.522,.500,.688,13.6,8.3,1.3,0.6,1.8,4.8,,13561,11,1232.8181818181818
114,2005,Marvin Williams,PF-SF,2,79.0,228.2,87.5,108.0,9' 0'',29.5,35.0,11.11,3.17,7134,2,36,800,.506,.522,.432,.847,11.3,6.6,0.7,1.1,0.5,4.8,,30143,15,2009.5333333333333
115,2005,Deron Williams,PG,3,73.75,202.4,78.25,98.0,8' 2'',30.0,35.0,10.83,3.25,7871,3,39,1315,.433,.491,.364,.677,12.5,3.6,6.8,1.0,0.2,4.6,,28860,12,2405.0
116,2005,Antoine Wright,SF-SG,15,77.25,202.6,80.75,104.5,8' 8.5'',26.5,29.5,11.45,3.41,7731,15,31,1052,.501,.540,.447,.691,17.8,6.0,2.2,1.2,0.7,5.9,,5700,6,950.0
117,2005,Bracey Wright,SG-PG,47,73.25,186.8,82.0,100.5,8' 4.5'',30.0,36.0,11.58,3.27,7876,47,26,917,.413,.474,.329,.783,18.3,4.8,2.7,1.1,0.6,3.3,,325,2,162.5
118,2006,Maurice Ager,SG-PG,28,75.25,203.0,79.75,101.5,8' 5.5'',29.5,35.0,11.73,3.22,8099,28,34,1170,.457,.522,.376,.761,19.3,4.1,2.5,0.7,0.3,4.5,,509,4,127.25
119,2006,LaMarcus Aldridge,PF-C,2,82.0,234.0,88.75,110.0,9' 2'',26.5,34.0,12.02,3.43,7894,2,37,1247,.569,.569,0,.646,15.0,9.2,0.5,1.4,2.0,8.7,,36234,16,2264.625
120,2006,Hilton Armstrong,C-PF,12,81.5,240.0,88.0,109.0,9' 1'',28.5,31.5,12.28,3.53,8383,12,34,943,.608,.609,.500,.692,9.7,6.6,0.7,0.6,3.1,5.9,,3387,6,564.5
121,2006,James Augustine,PF,41,80.25,227.0,84.25,104.0,8' 8'',30.0,32.5,10.54,3.25,8117,41,33,1079,.624,.625,.500,.651,13.6,9.1,1.8,1.4,0.7,8.6,,157,2,78.5
122,2006,Renaldo Balkman,SF-PF,20,77.25,206.0,85.0,104.5,8' 8.5'',30.5,35.0,11.58,3.22,8254,20,38,978,.608,.624,.308,.538,9.6,6.3,1.9,1.7,1.3,5.6,,3046,6,507.6666666666667
123,2006,Will Blalock,PG,60,71.25,194.0,78.0,96.5,8' 0.5'',35.0,40.0,11.08,3.18,8673,60,30,1072,.447,.468,.398,.659,15.4,3.3,6.1,2.2,0.1,2.9,,161,1,161.0
124,2006,Ronnie Brewer,SG-PG,14,77.75,223.0,83.25,103.5,8' 7.5'',35.0,41.0,11.32,3.14,7775,14,32,1112,.441,.493,.338,.750,18.4,4.8,3.3,2.6,0.5,5.3,,11526,8,1440.75
125,2006,Rodney Carney,SG-SF,16,76.5,204.0,82.0,103.5,8' 7.5'',32.0,38.5,10.57,3.06,8155,16,37,1027,.436,.484,.391,.712,17.2,4.3,1.3,1.3,0.7,5.5,,4609,5,921.8
126,2006,Mardy Collins,PG-SG,29,76.25,224.0,82.0,103.0,8' 7'',31.5,37.5,12.0,3.27,8274,29,32,1212,.432,.483,.307,.596,16.8,4.7,4.0,2.8,0.2,4.8,,2764,4,691.0
127,2006,Randy Foye,SG-PG,7,74.25,212.0,78.25,97.0,8' 1'',32.0,38.0,10.53,3.23,8689,7,33,1145,.411,.463,.350,.791,20.5,5.8,3.0,1.4,0.6,5.7,,19280,11,1752.7272727272727
128,2006,Rudy Gay,SF-PF,8,79.0,222.0,87.0,107.5,8' 11.5'',33.0,40.5,11.03,3.32,7557,8,33,1015,.461,.500,.318,.732,15.2,6.4,2.1,1.8,1.6,5.2,,33728,16,2108.0
129,2006,Solomon Jones,PF-C,33,80.5,224.0,88.75,109.0,9' 1'',32.0,39.0,11.27,3.3,8256,33,29,1056,.484,.488,.000,.778,13.2,9.8,1.3,0.9,3.1,3.6,,3110,8,388.75
130,2006,Paul Millsap,PF,47,78.25,258.0,85.5,105.5,8' 9.5'',28.5,32.5,11.67,3.3,7735,47,33,1126,.571,.578,.357,.623,19.6,13.3,1.1,1.9,2.3,10.8,,30501,16,1906.3125
131,2006,Adam Morrison,SF,3,78.5,198.0,82.0,105.0,8' 9'',25.5,30.5,11.46,3.37,8259,3,33,1205,.496,.523,.428,.772,28.1,5.5,1.7,1.1,0.3,6.8,,3284,3,1094.6666666666667
132,2006,David Noel,SF-SG,39,76.5,223.0,81.5,100.0,8' 4'',34.5,38.5,10.54,3.07,8117,39,31,1045,.532,.580,.424,.625,12.9,6.8,3.5,1.1,0.7,4.6,,792,1,792.0
133,2006,Steve Novak,SF,32,80.0,216.0,81.5,103.0,8' 7'',24.5,31.0,11.11,3.37,8588,32,31,1047,.477,.500,.467,.974,17.5,5.9,1.3,0.6,0.1,5.7,,5646,11,513.2727272727273
134,2006,Patrick O'Bryant,C,9,83.0,249.0,89.75,113.0,9' 5'',26.5,30.0,12.68,3.63,7500,9,25,642,.552,.552,0,.676,13.4,8.3,0.8,0.9,2.9,5.2,,526,4,131.5
135,2006,Cedric Simmons,PF-C,15,80.25,223.0,88.25,108.5,9' 0.5'',30.5,35.0,11.05,3.31,7333,15,32,880,.587,.583,1.000,.678,11.8,6.3,1.7,0.7,2.5,4.6,,719,3,239.66666666666666
136,2006,Craig Smith,PF,36,77.5,259.0,81.5,103.5,8' 7.5'',30.0,29.5,11.59,3.4,8735,36,36,1305,.573,.587,.083,.643,17.6,9.4,3.0,1.2,0.8,6.7,,6824,6,1137.3333333333333
137,2006,Tyrus Thomas,PF-SF,4,79.25,217.0,87.0,108.0,9' 0'',34.0,39.5,11.36,3.2,7557,4,32,829,.608,.606,1.000,.657,12.3,9.2,1.3,1.0,3.1,7.3,,7942,8,992.75
138,2006,Marcus Williams,PG,22,74.0,215.0,79.0,97.5,8' 1.5'',24.5,28.0,11.3,3.4,8028,22,23,767,.407,.410,.400,.862,12.3,3.9,8.6,0.9,0.2,3.1,,3106,4,776.5
139,2006,Marcus Williams,PG,22,74.0,215.0,79.0,97.5,8' 1.5'',24.5,28.0,11.3,3.4,8028,22,23,767,.407,.410,.400,.862,12.3,3.9,8.6,0.9,0.2,3.1,,39,2,19.5
140,2006,Shawne Williams,SF-PF,17,79.25,227.0,87.0,104.0,8' 8'',32.0,31.0,10.69,3.3,7376,17,36,1002,.416,.489,.312,.786,13.2,6.2,1.9,1.4,1.4,5.3,,5385,7,769.2857142857143
141,2006,Shelden Williams,PF-C,5,79.5,258.0,88.25,104.0,8' 8'',29.0,33.5,11.53,3.59,8716,5,36,1198,.578,.582,.333,.744,18.8,10.7,1.1,1.7,3.8,9.1,,5555,6,925.8333333333334
142,2007,Corey Brewer,SF-SG,7,78.0,185.0,80.25,103.0,8' 7'',30.5,36.5,11.69,3.22,7760,7,37,1053,.475,.544,.336,.723,13.2,4.7,2.9,1.9,0.4,5.1,,18788,13,1445.2307692307693
143,2007,Mike Conley,PG,4,71.0,175.0,77.75,94.5,7' 10.5'',35.5,40.5,11.63,3.09,7611,4,39,1231,.518,.579,.304,.694,11.3,3.4,6.1,2.2,0.3,6.1,,30601,15,2040.0666666666666
144,2007,Daequan Cook,SG,21,75.0,203.0,80.25,101.5,8' 5.5'',30.0,34.5,11.12,3.22,7448,21,39,770,.445,.465,.415,.697,9.8,4.3,1.0,0.7,0.3,3.5,,5997,6,999.5
145,2007,Javaris Crittenton,PG,19,75.0,194.0,77.5,98.0,8' 2'',32.5,38.0,11.6,3.32,7691,19,32,1003,.450,.488,.356,.783,14.4,3.7,5.8,2.0,0.1,3.6,,1854,2,927.0
146,2007,Jermareo Davidson,PF,36,81.0,230.0,88.0,109.5,9' 1.5'',27.0,30.0,12.63,3.53,8740,36,30,968,.407,.414,.250,.775,14.0,8.2,1.5,0.8,2.3,2.7,,434,2,217.0
147,2007,Jared Dudley,SF,22,77.0,219.0,79.0,102.0,8' 6'',28.0,32.0,11.32,3.45,8250,22,30,1152,.562,.602,.443,.743,19.0,8.3,3.0,1.4,0.3,5.8,,20125,14,1437.5
148,2007,Kevin Durant,SF-PF,2,81.0,215.0,88.75,110.0,9' 2'',26.0,33.5,12.33,3.45,7234,2,35,1255,.473,.505,.404,.816,25.8,11.1,1.3,1.9,1.9,8.8,,34518,14,2465.5714285714284
149,2007,Aaron Gray,C,49,84.0,271.0,87.25,108.5,9' 0.5'',27.0,32.5,12.07,3.7,8762,49,36,1016,.565,.565,0,.548,13.9,9.5,1.7,0.4,1.7,6.8,,3838,7,548.2857142857143
150,2007,Jeff Green,SF,5,79.0,228.0,85.25,103.0,8' 7'',33.5,38.0,12.0,3.34,7933,5,37,1232,.513,.559,.375,.775,14.3,6.4,3.2,0.8,1.2,6.3,,30466,14,2176.1428571428573
151,2007,Taurean Green,PG,52,71.0,173.0,74.25,96.0,8' 0'',29.0,32.5,11.3,3.26,8023,52,40,1328,.444,.497,.406,.849,13.3,2.4,3.7,1.1,0.0,5.3,,73,1,73.0
152,2007,Herbert Hill,C,55,79.0,232.0,86.25,108.5,9' 0.5'',30.5,34.0,12.31,3.39,8696,55,31,990,.640,.642,.000,.602,18.1,8.8,1.5,1.0,2.9,6.3,,0,0,
153,2007,Al Horford,PF,3,80.0,246.0,84.75,107.0,8' 11'',31.0,35.5,12.15,3.37,7848,3,38,1057,.608,.612,.000,.644,13.2,9.5,2.2,0.7,1.8,7.5,,30606,15,2040.4
154,2007,Carl Landry,PF,31,79.0,248.0,83.0,102.5,8' 6.5'',31.5,36.5,11.35,3.29,9049,31,34,1035,.597,.618,.211,.726,18.9,7.3,1.2,1.2,0.9,8.4,,11527,9,1280.7777777777778
155,2007,Carl Landry,PF,31,79.0,248.0,83.0,102.5,8' 6.5'',31.5,36.5,11.35,3.29,9049,31,27,652,.418,.425,.375,.714,7.1,3.6,1.6,0.9,0.0,0.8,,11527,9,1280.7777777777778
156,2007,Stephane Lasme,PF,46,77.0,213.0,86.0,107.0,8' 11'',29.5,36.0,11.73,3.22,9502,46,33,1010,.611,.611,0,.622,13.5,9.5,0.8,0.9,5.1,7.5,,303,1,303.0
157,2007,Acie Law,PG,11,74.0,186.0,78.5,98.0,8' 2'',29.0,34.0,11.0,3.22,8085,11,34,1153,.500,.510,.458,.778,18.1,3.3,5.0,1.1,0.0,5.9,,2383,4,595.75
158,2007,Dominic McGuire,SF,47,79.0,220.0,82.5,104.0,8' 8'',28.5,34.5,10.95,3.25,8350,47,32,1054,.471,.516,.299,.586,13.5,9.8,3.3,0.9,3.6,5.8,,5352,6,892.0
159,2007,Josh McRoberts,PF,37,80.0,240.0,85.0,106.5,8' 10.5'',27.5,31.5,11.7,3.47,7388,37,33,1164,.502,.523,.217,.664,13.0,7.9,3.5,1.2,2.5,6.0,,8286,11,753.2727272727273
160,2007,Demetris Nichols,SF,53,78.0,211.0,84.25,105.0,8' 9'',28.5,32.5,10.39,3.38,8669,53,35,1217,.447,.475,.417,.850,18.9,5.4,1.5,1.4,1.1,5.9,,62,2,31.0
161,2007,Joakim Noah,PF,9,82.0,223.0,85.25,106.5,8' 10.5'',32.5,37.5,11.79,3.47,8115,9,40,1034,.607,.606,1.000,.663,12.0,8.4,2.3,1.1,1.8,7.7,,18636,13,1433.5384615384614
162,2007,Greg Oden,C,1,83.0,257.0,88.25,112.0,9' 4'',32.0,34.0,11.67,3.27,6987,1,32,925,.616,.616,0,.628,15.7,9.6,0.7,0.6,3.3,8.2,,2025,3,675.0
163,2007,Chris Richard,PF,41,79.0,252.0,88.5,110.5,9' 2.5'',26.5,30.5,11.39,3.29,8780,41,40,735,.690,.690,0,.627,6.2,3.7,0.4,0.3,0.3,3.4,,778,2,389.0
164,2007,Ramon Sessions,PG,56,74.0,185.0,76.25,97.5,8' 1.5'',29.5,33.5,11.65,3.27,7796,56,34,1028,.452,.465,.380,.825,12.3,4.7,4.7,0.9,0.2,3.4,,16113,11,1464.8181818181818
165,2007,Jason Smith,PF,20,82.75,233.0,82.75,106.0,8' 10'',33.5,37.5,10.96,3.29,7757,20,30,905,.579,.585,.000,.770,16.8,10.1,1.9,0.5,1.6,4.7,,10026,11,911.4545454545455
166,2007,Rodney Stuckey,SG-PG,15,75.75,207.0,79.25,100.5,8' 4.5'',30.5,35.0,11.34,3.11,7806,15,29,965,.453,.541,.267,.846,24.6,4.7,5.5,2.4,0.3,3.6,,17890,10,1789.0
167,2007,Al Thornton,SF,14,77.75,221.0,85.0,104.0,8' 8'',35.0,41.0,11.96,3.16,9127,14,35,1092,.530,.549,.444,.790,19.7,7.2,0.7,1.5,1.1,6.6,,8281,4,2070.25
168,2007,Julian Wright,SF-PF,13,78.5,211.0,86.25,108.0,9' 0'',28.5,33.5,11.48,3.36,7470,13,38,1048,.549,.562,.231,.613,12.0,7.8,2.2,1.4,1.3,6.6,,3056,4,764.0
169,2007,Brandan Wright,PF,8,80.75,200.0,87.75,108.5,9' 0.5'',30.5,35.5,11.76,3.31,7605,8,37,1013,.646,.646,0,.567,14.7,6.2,1.0,1.0,1.8,7.6,,6956,10,695.6
170,2007,Thaddeus Young,SF,12,77.75,210.0,83.5,106.0,8' 10'',34.5,37.0,11.06,3.19,7136,12,31,917,.478,.498,.419,.743,14.4,4.9,2.0,1.3,0.4,3.3,,31786,15,2119.0666666666666
171,2008,Joe Alexander,SF-PF,8,79.25,220.0,83.5,106.0,8' 10'',32.5,38.5,11.33,2.99,8416,8,36,1137,.462,.480,.268,.814,16.9,6.4,2.4,0.7,1.5,6.1,,745,2,372.5
172,2008,Darrell Arthur,PF,27,79.5,216.0,82.75,107.0,8' 11'',28.5,30.0,12.18,3.14,7415,27,40,989,.543,.555,.167,.702,12.8,6.3,0.8,0.5,1.3,5.8,,8948,9,994.2222222222222
173,2008,D.J. Augustin,PG,9,70.0,171.5,75.5,94.5,7' 10.5'',28.5,35.0,11.27,3.07,8005,9,38,1417,.439,.471,.381,.783,19.2,2.9,5.8,1.2,0.0,6.0,,22855,14,1632.5
174,2008,Michael Beasley,PF-SF,2,79.0,239.0,84.25,107.0,8' 11'',30.0,35.0,11.06,3.24,6974,2,33,1041,.532,.562,.379,.774,26.2,12.4,1.2,1.3,1.6,10.7,,13902,11,1263.8181818181818
175,2008,Joe Crawford,SG,58,75.0,213.0,77.75,99.5,8' 3.5'',31.0,36.0,11.67,3.22,8227,58,30,1009,.469,.548,.364,.762,17.9,3.6,2.1,0.6,0.2,3.7,,23,1,23.0
176,2008,Joey Dorsey,PF-C,33,78.25,265.0,85.75,107.0,8' 11'',27.5,33.0,11.84,3.2,9501,33,38,958,.647,.647,0,.378,6.9,9.5,0.5,1.1,1.9,7.5,,1494,4,373.5
177,2008,Eric Gordon,SG,7,74.0,222.0,81.0,99.0,8' 3'',32.0,40.0,10.81,3.01,7685,7,32,1110,.433,.525,.337,.834,20.9,3.3,2.4,1.3,0.6,6.0,,24266,14,1733.2857142857142
178,2008,Donte Greene,SF-PF,28,80.25,221.0,82.0,108.0,9' 0'',27.5,31.5,11.21,3.2,7381,28,35,1253,.418,.492,.345,.707,17.7,7.2,2.0,1.3,1.6,3.9,,4259,4,1064.75
179,2008,George Hill,PG,26,73.25,181.0,81.0,97.5,8' 1.5'',34.0,37.5,12.2,3.07,8184,26,32,1179,.545,.580,.450,.812,21.5,6.8,4.3,1.8,0.4,7.8,,23671,14,1690.7857142857142
180,2008,Darnell Jackson,PF,52,79.0,240.5,83.25,106.5,8' 10.5'',27.0,31.0,11.75,3.26,8732,52,40,971,.626,.633,.333,.691,11.2,6.7,1.1,0.8,0.5,6.3,,1036,3,345.3333333333333
181,2008,DeAndre Jordan,C,35,81.75,250.0,90.0,113.5,9' 5.5'',26.0,30.5,12.3,3.27,7531,35,35,703,.617,.617,0,.437,7.9,6.0,0.4,0.2,1.3,4.4,,26186,14,1870.4285714285713
182,2008,Sasha Kaun,C-PF,56,81.0,247.0,88.0,110.0,9' 2'',29.0,32.0,12.06,3.2,8553,56,40,707,.619,.619,0,.541,7.1,3.9,0.3,0.4,1.2,4.3,,94,1,94.0
183,2008,JaVale McGee,C-PF,18,83.0,241.0,90.0,114.5,9' 6.5'',27.0,32.5,12.75,3.25,7349,18,33,902,.529,.556,.333,.525,14.1,7.3,0.6,0.8,2.8,4.0,,13977,14,998.3571428571429
184,2008,Anthony Randolph,PF-SF,14,81.0,197.0,87.0,109.0,9' 1'',29.0,35.0,11.86,3.26,7160,14,31,1016,.464,.483,.105,.693,15.6,8.5,1.2,1.1,2.3,3.5,,3838,6,639.6666666666666
185,2008,Derrick Rose,PG,1,73.5,196.0,80.0,98.5,8' 2.5'',34.5,40.0,11.69,3.05,7604,1,40,1168,.477,.521,.337,.712,14.9,4.5,4.7,1.2,0.4,6.6,,21323,13,1640.2307692307693
186,2008,Sonny Weems,SG-SF,39,76.0,193.0,82.0,104.0,8' 8'',29.0,36.5,10.58,2.96,8248,39,34,1067,.464,.513,.370,.803,15.0,4.5,2.6,1.3,0.2,3.8,,3338,4,834.5
187,2009,DeJuan Blair,PF,37,77.25,276.6,86.0,106.5,8' 10.5'',26.0,33.0,11.5,3.45,7442,37,35,955,.593,.593,0,.605,15.7,12.3,1.2,1.5,1.0,8.2,,7057,7,1008.1428571428571
188,2009,Derrick Brown,SF-PF,40,79.5,224.6,86.5,107.5,8' 11.5'',30.5,35.5,11.26,3.13,8308,40,35,1033,.504,.530,.433,.741,13.7,6.1,1.9,0.7,0.9,5.6,,2554,3,851.3333333333334
189,2009,Earl Clark,SF-PF,14,80.5,228.4,86.5,109.5,9' 1.5'',28.5,33.0,11.17,3.35,7712,14,37,1269,.457,.493,.326,.647,14.2,8.7,3.2,1.0,1.4,5.8,,3634,6,605.6666666666666
190,2009,Dante Cunningham,PF,33,79.0,227.4,83.0,106.5,8' 10.5'',28.0,35.0,11.18,3.26,8172,33,38,1199,.525,.527,.000,.697,16.1,7.5,1.2,1.2,1.2,6.3,,14870,10,1487.0
191,2009,Stephen Curry,PG-SG,7,74.0,181.0,75.5,97.0,8' 1'',29.5,35.5,11.07,3.28,7769,7,34,1145,.454,.519,.387,.876,28.6,4.4,5.6,2.5,0.2,9.9,,28358,13,2181.3846153846152
192,2009,Austin Daye,SF-PF,15,81.75,191.8,86.75,110.0,9' 2'',25.0,28.0,12.11,3.55,7850,15,34,895,.477,.494,.429,.706,12.7,6.8,1.1,0.7,2.1,5.7,,4129,6,688.1666666666666
193,2009,Toney Douglas,PG,29,73.0,183.4,78.0,97.5,8' 1.5'',28.0,32.5,10.63,3.03,8501,29,35,1279,.446,.489,.385,.810,21.5,3.9,2.9,1.8,0.4,6.3,,7523,8,940.375
194,2009,Wayne Ellington,SG,28,76.25,202.4,78.5,100.0,8' 4'',31.5,38.0,11.14,3.2,8389,28,38,1155,.483,.539,.417,.777,15.8,4.9,2.7,0.9,0.2,5.5,,16104,13,1238.7692307692307
195,2009,Tyreke Evans,PG-SG,4,76.0,220.6,83.25,104.0,8' 8'',28.5,34.0,11.81,3.17,7589,4,37,1072,.455,.514,.274,.711,17.1,5.4,3.9,2.1,0.8,7.2,,18245,10,1824.5
196,2009,Jonny Flynn,PG,6,71.25,195.6,76.0,95.5,7' 11.5'',33.0,40.0,10.86,3.23,7366,6,38,1418,.460,.521,.317,.786,17.4,2.7,6.7,1.4,0.2,4.9,,3744,3,1248.0
197,2009,Danny Green,SG-SF,46,77.25,208.0,82.0,103.0,8' 7'',29.0,33.0,11.3,3.3,8232,46,38,1040,.471,.517,.418,.852,13.1,4.7,2.7,1.8,1.3,6.3,,20751,13,1596.2307692307693
198,2009,Blake Griffin,PF,1,80.5,248.4,83.25,105.0,8' 9'',32.0,35.5,10.95,3.28,7406,1,35,1165,.654,.659,.375,.590,22.7,14.4,2.3,1.1,1.2,9.7,,23810,12,1984.1666666666667
199,2009,Tyler Hansbrough,PF,13,80.25,234.2,83.5,106.0,8' 10'',27.5,34.0,11.12,3.27,9093,13,34,1029,.514,.521,.391,.841,20.7,8.1,1.0,1.2,0.4,6.7,,7241,7,1034.4285714285713
200,2009,Gerald Henderson,SG-SF,12,76.0,214.6,82.25,102.5,8' 6.5'',31.5,35.0,11.17,3.14,8399,12,37,1098,.450,.490,.336,.761,16.5,4.9,2.5,1.2,0.8,5.5,,18862,13,1450.923076923077
201,2009,Gerald Henderson,SG-SF,12,76.0,214.6,82.25,102.5,8' 6.5'',31.5,35.0,11.17,3.14,8399,12,37,1098,.450,.490,.336,.761,16.5,4.9,2.5,1.2,0.8,5.5,,13870,8,1733.75
202,2009,James Johnson,SF-PF,16,79.0,257.2,84.75,105.5,8' 9.5'',30.5,35.0,11.21,3.23,8110,16,31,946,.542,.598,.319,.697,15.0,8.5,2.0,1.4,1.5,5.3,,15316,13,1178.1538461538462
203,2009,James Johnson,SF-PF,16,79.0,257.2,84.75,105.5,8' 9.5'',30.5,35.0,11.21,3.23,8110,16,31,1009,.359,.373,.321,.798,9.8,3.7,4.1,1.5,0.1,1.5,,15316,13,1178.1538461538462
204,2009,Ty Lawson,PG,18,71.25,196.6,72.75,94.5,7' 10.5'',29.0,36.5,10.98,3.12,8363,18,35,1048,.532,.560,.472,.798,16.6,3.0,6.6,2.1,0.1,6.9,,16101,8,2012.625
205,2009,Eric Maynor,PG,20,74.25,163.6,74.5,97.0,8' 1'',28.5,31.5,10.78,3.19,8221,20,34,1206,.463,.516,.361,.815,22.4,3.6,6.2,1.7,0.2,6.9,,3891,5,778.2
206,2009,Jodie Meeks,SG,41,75.0,211.4,76.5,98.0,8' 2'',28.5,37.0,10.96,3.1,8291,41,36,1237,.463,.521,.406,.902,23.7,3.4,1.8,1.3,0.1,7.4,,12111,10,1211.1
207,2009,Byron Mullens,C,24,83.75,258.2,85.5,111.0,9' 3'',28.5,32.5,11.1,3.45,7374,24,33,671,.638,.642,.000,.559,8.8,4.7,0.3,0.5,1.1,3.3,,3451,5,690.2
208,2009,DaJuan Summers,SF,35,79.25,243.0,84.75,106.5,8' 10.5'',29.5,34.5,10.94,3.17,7719,35,31,910,.474,.552,.385,.713,13.6,4.1,1.3,1.1,0.7,4.0,,818,4,204.5
209,2009,Jermaine Taylor,SG,32,75.5,207.4,80.75,101.0,8' 5'',34.0,37.5,11.54,3.32,8763,32,31,989,.480,.551,.376,.812,26.2,5.2,1.9,1.3,0.8,6.2,,783,2,391.5
210,2009,Jeff Teague,PG,19,72.25,175.2,79.5,98.5,8' 2.5'',30.5,36.5,11.05,3.18,7855,19,31,991,.485,.502,.441,.817,18.8,3.3,3.5,1.9,0.6,5.6,,22177,12,1848.0833333333333
211,2009,Marcus Thornton,SG,43,74.75,194.4,77.0,99.0,8' 3'',31.0,33.0,10.73,3.28,8215,43,35,1116,.472,.522,.388,.745,21.1,5.5,2.1,1.6,0.4,6.6,,11302,8,1412.75
212,2009,Terrence Williams,SG-SF,11,77.0,213.2,81.0,103.5,8' 7.5'',30.5,37.0,11.15,3.18,8238,11,37,1266,.431,.459,.385,.581,12.5,8.6,5.0,2.3,0.8,6.2,,2918,4,729.5
213,2009,Sam Young,SF-SG,36,77.25,222.8,82.75,105.5,8' 9.5'',27.5,33.0,11.47,3.45,8941,36,36,1146,.502,.552,.372,.740,19.2,6.3,1.1,1.0,0.8,6.9,,3961,4,990.25
214,2010,Solomon Alabi,C,50,83.5,237.4,89.0,113.0,9' 5'',22.5,26.0,13.2,3.68,8141,50,32,820,.534,.534,0,.794,11.7,6.2,0.5,0.6,2.3,4.3,,183,2,91.5
215,2010,Cole Aldrich,C,11,81.0,236.0,88.75,111.5,9' 3.5'',23.0,28.0,11.48,3.35,8361,11,36,963,.562,.562,0,.679,11.3,9.8,0.9,0.8,3.5,5.9,,3397,8,424.625
216,2010,Al-Farouq Aminu,SF,8,79.25,216.0,87.25,108.5,9' 0.5'',27.0,33.5,11.29,3.3,7591,8,31,970,.447,.484,.273,.698,15.8,10.7,1.3,1.4,1.4,4.3,,17709,11,1609.909090909091
217,2010,James Anderson,SF,20,76.75,207.6,80.5,104.0,8' 8'',30.0,35.5,11.86,3.19,7780,20,33,1124,.457,.549,.341,.810,22.3,5.8,2.4,1.4,0.6,6.9,,4320,5,864.0
218,2010,James Anderson,SF,20,76.75,207.6,80.5,104.0,8' 8'',30.0,35.5,11.86,3.19,7780,20,29,106,.480,.480,0,.667,1.2,1.0,0.1,0.1,0.2,0.5,,4320,5,864.0
219,2010,Luke Babbitt,SF-PF,16,79.5,217.8,83.25,104.5,8' 8.5'',29.5,37.5,10.98,3.4,7865,16,34,1260,.500,.521,.416,.917,21.9,8.9,2.1,1.0,0.8,6.7,,5334,8,666.75
220,2010,Trevor Booker,PF,23,78.25,235.8,81.75,106.0,8' 10'',31.0,36.0,11.15,3.1,8750,23,32,984,.521,.547,.265,.591,15.2,8.4,2.5,1.3,1.4,5.5,,10877,8,1359.625
221,2010,Craig Brackins,PF-SF,21,80.5,229.0,84.0,109.0,9' 1'',26.0,35.0,11.65,3.39,8704,21,32,1124,.420,.446,.310,.760,16.5,8.5,2.2,0.8,1.2,4.0,,121,2,60.5
222,2010,Avery Bradley,SG-PG,19,74.0,180.4,79.25,98.5,8' 2.5'',31.5,37.5,11.47,3.14,7656,19,34,1003,.432,.457,.375,.545,11.6,2.9,2.1,1.3,0.5,3.2,,18154,12,1512.8333333333333
223,2010,Derrick Caracter,PF,58,80.25,280.0,84.25,107.5,8' 11.5'',25.0,30.5,12.78,3.61,8184,58,27,720,.567,.585,.267,.672,14.1,8.1,1.1,1.0,0.9,3.4,,213,1,213.0
224,2010,DeMarcus Cousins,C,5,81.5,291.8,89.75,113.0,9' 5'',23.5,27.5,11.4,3.55,7553,5,38,893,.558,.565,.167,.604,15.1,9.8,1.0,1.0,1.8,6.5,,19511,11,1773.7272727272727
225,2010,Jordan Crawford,SG,27,75.0,198.4,79.0,101.0,8' 5'',31.5,34.5,11.03,3.37,8353,27,35,1147,.462,.501,.391,.773,20.5,4.7,2.9,1.3,0.2,5.9,,6846,6,1141.0
226,2010,Ed Davis,PF,13,81.0,226.6,84.0,108.0,9' 0'',31.0,36.0,11.7,3.21,7850,13,23,641,.578,.578,0,.659,13.4,9.6,1.0,0.4,2.8,3.1,,13748,12,1145.6666666666667
227,2010,Devin Ebanks,SF,43,79.0,207.8,84.25,107.5,8' 11.5'',23.5,32.0,11.69,3.44,7993,43,34,1161,.457,.495,.100,.770,12.0,8.1,2.4,1.1,0.7,4.6,,706,3,235.33333333333334
228,2010,Derrick Favors,PF,3,80.75,245.2,88.0,110.0,9' 2'',31.5,35.5,11.74,3.25,7160,3,36,989,.611,.613,.000,.629,12.4,8.4,1.0,0.9,2.1,4.8,,19215,12,1601.25
229,2010,Luke Harangody,PF,52,78.0,240.2,81.5,106.0,8' 10'',24.0,28.5,11.83,3.41,8062,52,30,989,.481,.514,.309,.787,21.8,9.1,1.6,0.5,0.7,5.1,,867,2,433.5
230,2010,Lazar Hayward,SG-SF,30,76.5,225.8,84.75,102.0,8' 6'',31.0,36.0,10.87,3.31,9116,30,34,1097,.432,.479,.349,.843,18.1,7.5,1.5,1.9,0.5,5.4,,591,3,197.0
231,2010,Gordon Hayward,SF,9,78.75,211.0,79.75,103.0,8' 7'',30.5,34.5,11.73,3.22,7413,9,37,1239,.464,.592,.294,.829,15.5,8.2,1.7,1.1,0.8,6.9,,22844,12,1903.6666666666667
232,2010,Xavier Henry,SG,12,77.25,210.2,83.25,105.0,8' 9'',28.5,36.5,11.1,3.18,7040,12,36,990,.458,.492,.418,.783,13.4,4.4,1.5,1.5,0.5,4.9,,2901,5,580.2
233,2010,Darington Hobson,SG-SF,37,77.25,203.6,81.25,104.5,8' 8.5'',29.0,34.0,11.68,3.25,8694,37,35,1175,.440,.465,.361,.653,15.9,9.3,4.6,1.3,0.4,5.2,,39,1,39.0
234,2010,Damion James,SF,24,78.25,226.6,84.75,107.0,8' 11'',29.0,33.0,10.89,3.2,8702,24,34,1029,.501,.535,.383,.674,18.0,10.3,1.0,1.7,1.2,6.5,,625,4,156.25
235,2010,Armon Johnson,PG-SG,34,74.0,195.2,80.0,99.5,8' 3.5'',31.5,38.5,11.25,3.19,7748,34,34,1172,.495,.544,.239,.678,15.7,3.4,5.6,0.8,0.4,3.0,,401,2,200.5
236,2010,Dominique Jones,SG,25,75.25,216.0,81.25,101.0,8' 5'',26.0,32.5,10.88,3.31,8345,25,33,1224,.450,.521,.311,.741,21.4,6.1,3.6,1.7,0.6,6.2,,743,3,247.66666666666666
237,2010,Gani Lawal,PF,46,79.5,233.4,84.0,107.5,8' 11.5'',27.0,31.5,11.61,3.24,8367,46,36,930,.529,.531,.000,.572,13.1,8.5,0.4,0.4,1.4,4.1,,2,1,2.0
238,2010,Greg Monroe,PF-C,7,81.75,246.6,86.25,108.5,9' 0.5'',25.0,29.0,12.1,3.35,7484,7,34,1164,.525,.545,.259,.660,16.1,9.6,3.8,1.2,1.5,5.5,,17671,10,1767.1
239,2010,Daniel Orton,C,29,80.75,269.2,88.25,110.5,9' 2.5'',24.0,30.5,12.32,3.39,7546,29,38,502,.527,.539,.000,.524,3.4,3.3,0.4,0.6,1.4,1.7,,541,3,180.33333333333334
240,2010,Patrick Patterson,PF,14,80.0,239.6,85.25,107.0,8' 11'',28.5,33.5,11.14,3.25,7769,14,38,1255,.575,.626,.348,.692,14.3,7.4,0.9,0.7,1.3,7.0,,14942,11,1358.3636363636363
241,2010,Andy Rautins,SG,38,76.25,191.6,79.0,100.0,8' 4'',23.5,30.5,11.27,3.49,9092,38,35,1137,.438,.571,.407,.815,12.1,3.4,4.9,2.0,0.2,4.9,,24,1,24.0
242,2010,Larry Sanders,PF-C,15,81.25,222.4,89.75,112.0,9' 4'',25.5,28.0,12.49,3.27,8381,15,35,941,.534,.547,.250,.641,14.4,9.1,1.0,0.7,2.6,5.4,,4637,6,772.8333333333334
243,2010,Lance Stephenson,SG,40,76.5,227.0,82.5,103.0,8' 7'',27.0,33.0,11.39,3.38,7575,40,34,960,.440,.495,.219,.664,12.3,5.4,2.5,0.9,0.2,2.8,,12668,10,1266.8
244,2010,Evan Turner,SG,2,77.75,213.8,80.0,103.5,8' 7.5'',27.5,34.5,11.06,3.27,8357,2,31,1108,.519,.540,.364,.754,20.4,9.2,6.0,1.7,0.9,6.8,,18938,10,1893.8
245,2010,Ekpe Udoh,PF,6,80.75,237.4,88.5,106.5,8' 10.5'',31.0,33.5,11.15,3.29,8565,6,36,1264,.490,.505,.269,.685,13.9,9.8,2.7,0.8,3.7,6.1,,5697,7,813.8571428571429
246,2010,Jarvis Varnado,PF-C,41,80.25,210.2,87.5,109.5,9' 1.5'',29.5,32.5,11.61,3.37,8121,41,36,1141,.582,.582,0,.610,13.8,10.3,0.9,0.7,4.7,6.3,,402,2,201.0
247,2010,John Wall,PG,1,74.75,195.6,81.25,101.5,8' 5.5'',30.0,39.0,10.84,3.14,7576,1,37,1288,.461,.509,.325,.754,16.6,4.3,6.5,1.8,0.5,6.3,,21830,10,2183.0
248,2010,Willie Warren,SG-PG,54,74.5,208.4,78.0,99.5,8' 3.5'',23.0,31.5,11.21,3.5,7987,54,21,678,.438,.524,.309,.795,16.3,3.3,4.1,1.0,0.0,1.7,,135,1,135.0
249,2010,Terrico White,SG-PG,36,75.75,202.6,81.0,101.0,8' 5'',31.0,40.0,11.38,3.15,7397,36,35,1103,.430,.489,.341,.714,15.1,4.6,1.5,0.9,0.2,4.1,,0,0,
250,2010,Hassan Whiteside,C-PF,33,82.5,226.6,91.0,113.0,9' 5'',27.0,31.5,11.83,3.54,7858,33,34,889,.524,.522,.600,.588,13.1,8.9,0.3,0.6,5.4,4.5,,12654,10,1265.4
251,2011,Keith Benson,C-PF,48,82.0,217.0,87.75,109.5,9' 1.5'',31.5,36.0,11.88,3.35,8648,48,35,1133,.547,.556,.391,.643,17.9,10.1,1.1,0.8,3.6,5.7,5.4,9,1,9.0
252,2011,Alec Burks,SG,12,77.0,192.6,82.0,103.5,8' 7.5'',29.0,36.0,10.96,3.17,7530,12,38,1193,.469,.508,.292,.825,20.5,6.5,2.9,1.1,0.3,6.6,8.1,14384,11,1307.6363636363637
253,2011,Jimmy Butler,SF,30,78.0,222.2,79.5,101.5,8' 5.5'',32.0,39.0,11.12,3.15,8314,30,37,1282,.490,.515,.345,.783,15.7,6.1,2.3,1.4,0.4,6.3,9.4,22861,11,2078.2727272727275
254,2011,Norris Cole,PG,28,72.25,174.4,74.25,95.5,7' 11.5'',29.5,38.5,10.07,3.22,8708,28,36,1285,.439,.473,.342,.853,21.7,5.8,5.3,2.2,0.1,8.3,10.2,8019,6,1336.5
255,2011,Kenneth Faried,PF,22,78.0,224.6,84.0,108.0,9' 0'',30.5,35.0,11.35,3.26,8379,22,35,1216,.623,.623,0,.577,17.3,14.5,1.1,1.9,2.3,8.3,8.5,11735,8,1466.875
256,2011,Andrew Goudelock,PG,46,73.25,197.6,76.25,96.5,8' 0.5'',32.5,37.0,10.33,3.1,8762,46,37,1302,.455,.496,.407,.821,23.7,3.9,4.2,0.9,0.2,6.5,6.0,478,3,159.33333333333334
257,2011,Jordan Hamilton,SF,26,78.75,228.4,81.5,104.0,8' 8'',25.0,32.0,11.47,3.3,7971,26,36,1159,.440,.481,.385,.779,18.6,7.7,2.1,0.9,0.6,6.7,11.4,2100,5,420.0
258,2011,Jordan Hamilton,SF,26,78.75,228.4,81.5,104.0,8' 8'',25.0,32.0,11.47,3.3,7971,26,26,420,.471,.586,.318,.750,5.0,1.9,0.4,0.3,0.5,0.9,-2.7,2100,5,420.0
259,2011,Justin Harper,PF-SF,32,80.0,228.0,83.75,106.0,8' 10'',28.5,33.0,11.92,3.3,8300,32,37,1178,.534,.585,.448,.797,17.9,6.9,1.2,0.6,1.2,7.1,9.7,148,3,49.333333333333336
260,2011,Tobias Harris,SF-PF,19,78.5,222.8,83.0,103.5,8' 7.5'',31.5,37.5,10.96,3.17,7160,19,34,993,.460,.497,.303,.753,15.3,7.3,1.3,0.7,0.9,4.4,7.3,23624,11,2147.6363636363635
261,2011,Scotty Hopson,SG,0,77.75,204.6,82.5,103.5,8' 7.5'',32.5,36.0,10.47,3.18,8278,0,32,937,.452,.491,.376,.735,17.0,3.3,1.3,0.8,0.2,3.0,4.9,33,3,11.0
262,2011,Charles Jenkins,PG-SG,44,73.5,216.4,79.5,96.5,8' 0.5'',29.5,34.0,11.68,3.18,8118,44,33,1232,.517,.563,.420,.824,22.6,3.4,4.8,1.7,0.7,7.3,9.6,1332,2,666.0
263,2011,JaJuan Johnson,PF,27,81.0,219.8,86.0,107.5,8' 11.5'',33.5,38.0,11.21,3.14,8098,27,34,1203,.494,.516,.294,.809,20.5,8.6,1.0,0.9,2.3,7.2,10.5,299,1,299.0
264,2011,Cory Joseph,PG,29,74.0,186.2,77.5,99.0,8' 3'',27.5,35.0,10.75,3.27,7560,29,36,1166,.422,.429,.413,.699,10.4,3.6,3.0,1.0,0.3,4.4,6.5,16167,11,1469.7272727272727
265,2011,Brandon Knight,PG,8,73.5,176.8,78.75,98.5,8' 2.5'',29.0,37.5,10.74,3.07,7662,8,38,1363,.423,.461,.377,.795,17.3,4.0,4.2,0.7,0.2,5.3,5.5,13215,9,1468.3333333333333
266,2011,Kawhi Leonard,SF,15,78.0,227.4,87.0,106.0,8' 10'',25.5,32.0,11.45,3.15,7509,15,36,1172,.444,.478,.291,.759,15.5,10.6,2.5,1.4,0.6,6.8,9.2,18036,10,1803.6
267,2011,Travis Leslie,SG,47,75.0,205.0,82.5,103.0,8' 7'',33.0,40.5,11.0,3.13,7784,47,33,1062,.492,.517,.302,.801,14.4,7.2,2.9,1.2,0.6,5.2,8.9,46,1,46.0
268,2011,Jon Leuer,PF,40,82.0,223.2,84.0,105.5,8' 9.5'',29.5,36.5,10.82,3.36,8194,40,34,1139,.470,.513,.370,.843,18.3,7.2,1.6,0.5,0.9,6.3,9.8,5957,8,744.625
269,2011,Shelvin Mack,PG,34,73.0,209.0,79.5,96.5,8' 0.5'',32.0,39.0,11.23,3.18,7807,34,38,1219,.408,.462,.354,.769,16.0,4.5,3.4,0.8,0.1,5.0,6.6,8394,8,1049.25
270,2011,E'Twaun Moore,SG,55,74.5,191.4,81.5,99.5,8' 3.5'',32.0,34.5,11.12,3.31,8115,55,34,1152,.447,.473,.400,.709,18.0,5.1,3.2,1.2,0.5,5.9,10.2,12558,10,1255.8
271,2011,Darius Morris,PG-SG,41,75.25,190.0,79.5,102.0,8' 6'',24.5,32.0,11.0,3.2,7333,41,35,1219,.489,.533,.250,.715,15.0,4.0,6.7,1.0,0.0,5.3,6.3,1461,4,365.25
272,2011,Chandler Parsons,SF,38,80.75,221.2,81.5,104.5,8' 8.5'',25.5,31.5,11.05,3.29,8720,38,36,1229,.480,.544,.368,.557,11.3,7.8,3.8,0.9,0.4,5.0,8.3,13247,9,1471.888888888889
273,2011,Josh Selby,SG-PG,49,73.75,194.6,77.25,98.0,8' 2'',29.5,42.0,11.13,3.2,7417,49,26,530,.373,.384,.362,.757,7.9,2.2,2.2,0.8,0.0,1.3,2.4,294,2,147.0
274,2011,Iman Shumpert,PG-SG,17,76.25,221.8,81.5,99.5,8' 3.5'',36.5,42.0,11.1,3.18,7871,17,31,992,.406,.474,.278,.806,17.3,5.9,3.5,2.7,0.2,4.9,9.6,11470,10,1147.0
275,2011,Kyle Singler,SF,33,79.5,228.0,82.1,106.0,8' 10'',23.0,30.0,11.22,3.21,8549,33,37,1286,.430,.497,.321,.806,16.9,6.8,1.6,0.9,0.3,6.1,6.4,7797,6,1299.5
276,2011,Chris Singleton,SF,18,79.75,230.2,85.0,103.5,8' 7.5'',30.5,37.5,11.33,3.09,8381,18,28,814,.434,.466,.368,.667,13.1,6.8,1.2,2.0,1.5,3.9,9.0,2606,3,868.6666666666666
277,2011,Nolan Smith,PG,21,73.5,187.6,77.5,99.0,8' 3'',28.5,34.0,11.05,3.17,8630,21,37,1259,.458,.501,.350,.813,20.6,4.5,5.1,1.2,0.1,7.4,9.9,827,2,413.5
278,2011,Trey Thompkins,PF,37,80.5,239.0,85.0,107.5,8' 11.5'',27.5,30.5,11.72,3.41,7844,37,30,937,.481,.520,.311,.689,16.4,7.6,1.4,1.1,1.7,3.8,6.8,120,1,120.0
279,2011,Tristan Thompson,PF,4,79.5,227.4,85.25,108.5,9' 0.5'',30.0,35.0,10.92,3.26,7403,4,36,1104,.546,.546,0,.487,13.1,7.8,1.3,0.9,2.4,5.5,8.9,19549,11,1777.1818181818182
280,2011,Tristan Thompson,PF,4,79.5,227.4,85.25,108.5,9' 0.5'',30.0,35.0,10.92,3.26,7403,4,33,1056,.459,.495,.418,.834,18.0,3.2,1.8,0.7,0.1,5.0,3.3,19549,11,1777.1818181818182
281,2011,Kemba Walker,PG,9,71.5,184.0,75.5,91.5,7' 7.5'',32.0,39.5,10.87,3.16,7823,9,41,1543,.428,.471,.330,.819,23.5,5.4,4.5,1.9,0.2,9.7,13.1,24675,11,2243.181818181818
282,2011,Jordan Williams,PF,36,79.75,247.2,84.25,106.5,8' 10.5'',25.0,30.5,12.74,3.45,7976,36,33,1073,.538,.538,0,.575,16.9,11.8,0.6,0.7,1.4,5.7,6.3,637,1,637.0
283,2011,Derrick Williams,PF-SF,2,79.25,248.4,85.5,108.0,9' 0'',29.0,34.5,11.03,3.23,7475,2,27,121,.520,.556,.429,.762,1.7,1.0,0.1,0.1,0.0,0.6,-0.5,8862,7,1266.0
284,2012,Quincy Acy,PF,37,78.5,223.8,86.75,106.5,8' 10.5'',32.0,37.0,10.48,3.28,8336,37,38,1130,.577,.576,.600,.782,12.0,7.4,1.0,0.9,1.8,5.6,6.9,5398,7,771.1428571428571
285,2012,Harrison Barnes,SF-SG,7,79.0,227.8,83.25,101.5,8' 5.5'',38.0,39.5,10.93,3.16,7480,7,38,1111,.440,.469,.358,.723,17.1,5.2,1.1,1.1,0.3,5.0,6.8,23773,10,2377.3
286,2012,Will Barton,SG-SF,40,77.0,174.4,81.75,102.5,8' 6.5'',30.0,34.0,12.5,3.6,7701,40,35,1236,.509,.559,.346,.749,18.0,8.0,2.9,1.4,0.7,7.2,9.8,16121,10,1612.1
287,2012,Bradley Beal,SG,3,75.25,201.8,80.0,100.0,8' 4'',33.0,39.0,10.95,3.28,7143,3,37,1267,.445,.541,.339,.769,14.8,6.7,2.2,1.4,0.8,5.7,8.4,22419,10,2241.9
288,2012,Jae Crowder,SF,34,76.75,241.2,81.25,99.5,8' 3.5'',31.0,34.5,11.45,3.37,8246,34,35,1153,.498,.602,.345,.735,17.5,8.4,2.1,2.5,1.0,7.6,13.8,18591,10,1859.1
289,2012,Andre Drummond,C,9,81.75,278.6,90.25,109.5,9' 1.5'',31.5,33.5,10.83,3.39,7185,9,34,967,.538,.541,.000,.295,10.0,7.6,0.4,0.8,2.7,2.9,4.9,21261,10,2126.1
290,2012,Kim English,SG,44,76.5,192.0,78.5,98.0,8' 2'',29.0,36.5,10.59,3.33,9054,44,35,1175,.521,.589,.459,.725,14.5,4.2,1.6,1.3,0.3,5.0,7.1,412,1,412.0
291,2012,Festus Ezeli,C-PF,30,81.75,264.2,89.75,108.0,9' 0'',34.0,33.5,12.35,3.29,8716,30,26,603,.539,.539,0,.604,10.1,5.9,0.3,0.4,2.0,2.1,3.7,2396,3,798.6666666666666
292,2012,Draymond Green,PF-SF,35,77.75,235.6,85.25,105.0,8' 9'',28.0,33.0,11.01,3.4,8124,35,37,1229,.449,.473,.388,.723,16.2,10.6,3.8,1.5,0.9,7.1,12.1,19502,10,1950.2
293,2012,Maurice Harkless,SF,15,79.25,206.6,84.0,102.5,8' 6.5'',32.5,37.0,10.87,3.25,7096,15,32,1155,.452,.506,.215,.676,15.5,8.6,1.5,1.6,1.4,3.2,4.0,14016,10,1401.6
294,2012,Robbie Hummel,SF,58,79.25,218.0,80.5,102.0,8' 6'',27.5,30.0,11.56,3.41,8493,58,35,1128,.417,.440,.383,.825,16.4,7.2,1.9,0.7,1.2,5.6,9.4,1395,2,697.5
295,2012,Bernard James,PF,33,80.75,229.8,87.0,108.5,9' 0.5'',30.0,32.5,11.84,3.4,9922,33,35,979,.606,.606,0,.552,10.8,8.1,0.5,0.7,2.3,4.3,7.6,757,3,252.33333333333334
296,2012,John Jenkins,SG,23,75.25,212.0,80.5,98.0,8' 2'',30.5,36.5,11.36,3.37,7761,23,35,1177,.474,.542,.439,.837,19.9,2.9,1.2,0.8,0.3,6.5,11.8,2182,6,363.6666666666667
297,2012,Orlando Johnson,SG,36,75.75,223.8,83.25,99.0,8' 3'',32.0,39.5,10.98,3.25,8496,36,31,1067,.451,.464,.427,.698,19.7,5.8,2.9,1.1,0.7,5.2,6.3,1111,3,370.3333333333333
298,2012,Darius Johnson-Odom,SG,55,73.5,212.0,79.0,96.0,8' 0'',33.5,41.5,10.76,3.21,8693,55,34,1120,.447,.493,.385,.764,18.3,3.5,2.7,0.9,0.1,4.7,6.8,21,2,10.5
299,2012,Terrence Jones,PF-SF,18,80.25,252.0,86.25,107.0,8' 11'',29.5,34.5,11.57,3.4,7339,18,38,1115,.500,.528,.327,.627,12.3,7.2,1.3,1.3,1.8,5.8,10.2,5569,6,928.1666666666666
300,2012,Michael Kidd-Gilchrist,SF,2,77.75,232.8,84.0,104.5,8' 8.5'',32.0,35.5,11.77,3.18,7231,2,40,1245,.491,.535,.255,.745,11.9,7.4,1.9,1.0,0.9,6.0,7.7,10988,8,1373.5
301,2012,Doron Lamb,SG-PG,42,75.25,199.4,78.75,98.5,8' 2.5'',29.0,33.5,11.12,3.41,8001,42,40,1249,.474,.481,.466,.826,13.7,2.7,1.5,0.5,0.1,6.2,7.3,1274,2,637.0
302,2012,Jeremy Lamb,SG,12,76.0,179.2,83.0,102.0,8' 6'',31.5,38.0,10.98,3.25,7480,12,34,1266,.478,.601,.336,.810,17.7,4.9,1.7,1.2,0.6,5.2,7.8,11899,10,1189.9
303,2012,Meyers Leonard,C,11,83.75,249.8,87.0,108.0,9' 0'',30.0,32.5,11.34,3.41,7387,11,32,1018,.584,.604,.091,.732,13.6,8.2,1.3,0.5,1.9,4.6,7.2,7163,9,795.8888888888889
304,2012,Damian Lillard,PG,6,73.75,188.8,79.75,95.5,7' 11.5'',34.5,39.5,11.15,3.34,8255,6,32,1105,.467,.517,.409,.887,24.5,5.0,4.0,1.5,0.2,8.0,9.8,25828,10,2582.8
305,2012,Kendall Marshall,PG,13,75.25,198.4,77.5,96.0,8' 0'',31.0,37.0,12.03,3.23,7924,13,36,1189,.467,.527,.354,.696,8.1,2.6,9.8,1.2,0.2,4.4,6.6,3087,4,771.75
306,2012,Fab Melo,C,22,82.75,255.0,86.5,110.0,9' 2'',29.5,31.0,12.14,3.44,8230,22,30,763,.566,.566,0,.633,7.8,5.8,0.7,0.5,2.9,3.0,5.3,36,1,36.0
307,2012,Khris Middleton,SF,39,78.75,216.2,82.75,103.0,8' 7'',28.0,31.0,11.45,3.47,7917,39,20,575,.415,.485,.260,.750,13.2,5.0,2.3,1.0,0.3,1.6,6.2,20704,10,2070.4
308,2012,Darius Miller,SF-SG,46,78.0,233.4,81.0,101.0,8' 5'',33.0,37.0,11.34,3.31,8141,46,40,1043,.474,.569,.376,.797,9.9,2.8,2.1,0.8,0.3,4.5,7.5,5364,6,894.0
309,2012,Quincy Miller,SF,38,80.75,218.7,85.25,105.0,8' 9'',30.5,36.0,11.05,3.48,7648,38,37,903,.447,.475,.348,.816,10.6,4.9,1.4,0.7,0.6,3.5,5.3,934,3,311.3333333333333
310,2012,Arnett Moultrie,PF,27,81.5,232.8,86.25,106.5,8' 10.5'',33.5,37.5,11.32,3.22,8378,27,30,1073,.549,.555,.444,.780,16.4,10.5,1.2,0.8,0.8,5.0,5.2,732,2,366.0
311,2012,Kevin Murphy,SG,47,77.0,194.0,78.75,99.0,8' 3'',31.0,36.5,10.97,3.42,8126,47,33,1139,.444,.460,.416,.721,20.6,5.2,2.3,0.8,0.2,3.7,0.6,51,1,51.0
312,2012,Andrew Nicholson,PF,19,80.5,234.0,88.0,107.0,8' 11'',28.5,30.5,11.89,3.67,8763,19,32,962,.571,.593,.434,.776,18.5,8.4,1.0,0.7,2.0,5.8,9.4,4080,5,816.0
313,2012,Kyle O'Quinn,PF,49,80.5,240.8,88.75,106.5,8' 10.5'',31.5,31.5,11.65,3.53,8146,49,36,1125,.573,.610,.188,.696,15.9,10.3,1.4,0.7,2.7,6.2,5.0,6710,8,838.75
314,2012,Miles Plumlee,PF-C,26,82.5,252.4,84.75,105.5,8' 9.5'',34.0,40.5,10.64,3.36,9031,26,34,697,.610,.610,0,.632,6.6,7.1,0.5,0.5,0.9,3.1,6.2,5657,7,808.1428571428571
315,2012,Austin Rivers,SG-PG,10,75.5,202.8,79.25,96.5,8' 0.5'',32.5,37.5,11.54,3.32,7541,10,34,1129,.433,.477,.365,.658,15.5,3.4,2.1,1.0,0.0,3.5,4.0,15840,10,1584.0
316,2012,Thomas Robinson,PF,5,79.75,244.2,87.25,106.0,8' 10'',28.5,35.5,11.96,3.17,7772,5,39,1242,.505,.505,.500,.682,17.7,11.9,1.8,1.1,0.9,7.2,8.8,4206,5,841.2
317,2012,Terrence Ross,SG-SF,8,78.0,196.6,79.25,100.5,8' 4.5'',31.0,37.5,11.78,3.28,7730,8,35,1088,.457,.518,.371,.766,16.4,6.4,1.4,1.3,0.9,4.9,7.9,16631,10,1663.1
318,2012,Mike Scott,PF,43,79.25,240.8,82.75,104.0,8' 8'',27.0,32.5,11.59,3.44,8986,43,32,999,.563,.577,.300,.808,18.0,8.3,1.2,0.7,0.5,6.8,10.4,9184,9,1020.4444444444445
319,2012,Jared Sullinger,PF,21,79.75,268.2,85.25,105.5,8' 9.5'',29.5,31.0,12.77,3.81,7394,21,37,1123,.519,.531,.400,.768,17.5,9.2,1.2,1.2,1.1,7.9,11.7,6535,5,1307.0
320,2012,Tyshawn Taylor,PG,41,74.75,177.0,78.25,97.5,8' 1.5'',32.0,36.5,11.48,3.2,8162,41,39,1303,.477,.522,.382,.688,16.6,2.3,4.8,1.3,0.2,5.2,7.2,489,2,244.5
321,2012,Marquis Teague,PG,29,73.0,179.8,79.25,96.5,8' 0.5'',32.5,40.5,10.65,3.19,7023,29,40,1303,.412,.438,.325,.714,10.0,2.5,4.8,0.9,0.3,3.5,2.3,903,3,301.0
322,2012,Tony Wroten,PG,25,76.75,203.2,81.0,101.0,8' 5'',30.0,35.5,10.75,3.24,7068,25,35,1062,.443,.483,.161,.583,16.0,5.0,3.7,1.9,0.4,3.2,4.7,3074,4,768.5
323,2012,Tyler Zeller,PF-C,17,83.25,247.4,84.0,104.5,8' 8.5'',30.0,34.0,11.13,3.4,8077,17,38,1070,.553,.553,0,.808,16.3,9.6,0.9,0.9,1.5,7.1,10.7,7252,8,906.5
324,2013,Steven Adams,C,12,82.75,254.5,88.5,109.5,9' 1.5'',28.5,33.0,11.85,3.4,7530,12,32,749,.571,.571,0,.443,7.2,6.3,0.6,0.7,2.0,3.5,8.1,17825,9,1980.5555555555557
325,2013,Lorenzo Brown,PG,52,76.0,189.2,79.0,100.0,8' 4'',28.0,34.0,11.78,3.4,8661,52,33,1129,.419,.465,.263,.771,12.4,4.3,7.2,2.0,0.6,3.6,5.5,1184,5,236.8
326,2013,Reggie Bullock,SG-SF,25,77.75,199.8,80.75,102.0,8' 6'',31.0,36.5,11.33,3.31,8136,25,35,1100,.483,.545,.436,.767,13.9,6.5,2.9,1.3,0.3,5.7,11.1,9771,9,1085.6666666666667
327,2013,Trey Burke,PG,9,71.75,187.0,77.5,97.5,8' 1.5'',29.5,36.5,11.2,3.16,8007,9,39,1378,.463,.506,.384,.801,18.6,3.2,6.7,1.6,0.5,8.6,13.1,10403,9,1155.888888888889
328,2013,Kentavious Caldwell-Pope,SG,8,76.5,203.6,80.0,100.5,8' 4.5'',29.0,34.5,10.6,3.12,7378,8,32,1086,.433,.498,.373,.799,18.5,7.1,1.8,2.0,0.5,6.2,12.5,19969,9,2218.777777777778
329,2013,Isaiah Canaan,PG,34,71.0,188.4,76.5,94.5,7' 10.5'',33.0,40.5,10.98,3.22,8201,34,31,1131,.431,.494,.370,.822,21.8,3.5,4.3,1.5,0.1,5.9,5.8,4805,6,800.8333333333334
330,2013,Michael Carter-Williams,PG,11,76.75,184.4,79.25,101.0,8' 5'',31.5,41.0,10.68,3.22,8340,11,40,1409,.393,.436,.294,.694,11.9,5.0,7.3,2.7,0.5,6.1,9.4,9900,8,1237.5
331,2013,Allen Crabbe,SG,31,77.25,197.4,83.25,103.5,8' 7.5'',30.5,36.0,10.67,3.32,7794,31,33,1195,.459,.532,.348,.813,18.4,6.1,2.6,1.1,0.7,5.1,8.4,9136,7,1305.142857142857
332,2013,Carrick Felix,SF-SG,33,76.75,202.6,81.25,103.5,8' 7.5'',32.0,38.5,11.16,3.25,8652,33,35,1235,.500,.573,.374,.664,14.6,8.1,1.6,1.4,1.1,5.1,6.0,38,1,38.0
333,2013,Archie Goodwin,SG,29,75.75,189.0,81.5,102.0,8' 6'',30.0,36.0,10.75,3.27,7192,29,33,1048,.440,.478,.266,.637,14.1,4.6,2.7,1.1,0.5,3.1,2.1,2394,4,598.5
334,2013,Solomon Hill,SF,23,77.5,226.0,81.0,103.0,8' 7'',29.5,37.5,10.77,3.19,8138,23,35,1154,.458,.508,.390,.766,13.4,5.3,2.7,1.1,0.6,5.1,8.3,9651,9,1072.3333333333333
335,2013,Grant Jerrett,PF,40,80.75,232.0,86.0,109.0,9' 1'',28.5,34.0,11.85,3.51,7518,40,34,606,.409,.413,.405,.818,5.2,3.6,0.5,0.5,1.0,2.3,6.6,52,1,52.0
336,2013,Shane Larkin,PG,18,70.25,170.8,70.75,89.5,7' 5.5'',34.5,44.0,10.64,3.08,7967,18,36,1311,.479,.538,.406,.777,14.5,3.8,4.6,2.0,0.1,6.5,9.1,4884,4,1221.0
337,2013,Ray McCallum,PG,36,72.25,191.4,75.25,96.5,8' 0.5'',30.5,40.0,10.82,3.25,8222,36,33,1208,.491,.562,.323,.717,18.7,5.1,4.5,1.9,0.6,6.0,7.3,2800,3,933.3333333333334
338,2013,Ben McLemore,SG,7,75.5,189.2,79.75,100.5,8' 4.5'',32.5,42.0,11.87,3.27,7371,7,37,1191,.495,.553,.420,.870,15.9,5.2,2.0,1.0,0.7,6.5,10.5,12539,9,1393.2222222222222
339,2013,Tony Mitchell,PF-SF,37,79.5,236.4,86.5,106.5,8' 10.5'',33.5,38.0,11.82,3.52,7792,37,32,1037,.440,.505,.300,.675,13.0,8.5,0.8,1.0,2.7,3.3,2.2,10,1,10.0
340,2013,Tony Mitchell,PF-SF,37,79.5,236.4,86.5,106.5,8' 10.5'',33.5,38.0,11.82,3.52,7792,37,32,1037,.440,.505,.300,.675,13.0,8.5,0.8,1.0,2.7,3.3,2.2,81,1,81.0
341,2013,Shabazz Muhammad,SF-SG,14,76.75,221.8,83.0,104.5,8' 8.5'',29.5,37.0,10.99,3.32,8008,14,32,987,.443,.463,.377,.711,17.9,5.2,0.8,0.7,0.1,3.7,4.7,4767,5,953.4
342,2013,Erik Murphy,PF,49,80.75,239.8,82.5,108.0,9' 0'',24.5,29.5,12.19,3.57,8721,49,36,952,.516,.579,.453,.784,12.2,5.5,1.4,0.6,0.7,6.0,11.6,61,1,61.0
343,2013,Mike Muscala,C-PF,44,82.25,230.2,85.0,108.0,9' 0'',28.0,33.5,11.76,3.44,8241,44,34,1079,.509,.519,.250,.789,18.7,11.1,2.3,0.5,2.4,8.3,12.5,6699,9,744.3333333333334
344,2013,Victor Oladipo,SG,2,75.25,213.2,81.25,100.5,8' 4.5'',33.0,42.0,10.69,3.25,7819,2,36,1021,.599,.644,.441,.746,13.6,6.3,2.1,2.2,0.8,6.7,15.1,15149,9,1683.2222222222222
345,2013,Kelly Olynyk,PF-C,13,82.75,234.0,81.75,108.0,9' 0'',24.5,29.5,11.42,3.59,8169,13,32,845,.629,.660,.300,.776,17.8,7.3,1.7,0.7,1.1,6.7,13.9,13402,9,1489.111111111111
346,2013,Mason Plumlee,C-PF,22,83.25,238.2,83.0,108.0,9' 0'',30.5,36.0,10.89,3.29,8490,22,36,1248,.599,.599,0,.681,17.1,9.9,1.9,1.0,1.4,6.9,9.5,14767,9,1640.7777777777778
347,2013,Andre Roberson,PF-SF,26,78.25,205.8,83.0,104.5,8' 8.5'',30.0,36.5,11.36,3.34,8394,26,31,1036,.480,.521,.328,.551,10.9,11.2,1.4,2.2,1.3,4.3,8.1,6801,7,971.5714285714286
348,2013,Peyton Siva,PG,56,71.5,180.6,75.0,93.0,7' 9'',33.5,41.5,10.59,3.16,8719,56,40,1247,.404,.476,.288,.867,10.0,2.4,5.7,2.3,0.2,5.3,7.3,223,1,223.0
349,2013,Tony Snell,SF-SG,20,78.0,198.2,83.5,105.5,8' 9.5'',30.0,36.5,11.36,3.25,8370,20,35,1093,.422,.452,.390,.843,12.5,2.6,2.9,0.8,0.5,3.6,6.2,13098,9,1455.3333333333333
350,2013,Jeff Withey,C,39,82.75,221.8,86.0,110.5,9' 2.5'',26.5,29.0,12.49,3.47,8492,39,37,1144,.582,.580,1.000,.714,13.7,8.5,0.9,0.8,3.9,6.6,11.5,2070,5,414.0
351,2013,Cody Zeller,C-PF,4,82.75,230.0,82.75,106.0,8' 10'',35.5,37.5,10.82,3.15,7970,4,36,1062,.564,.567,.000,.757,16.5,8.0,1.3,1.0,1.3,7.3,11.1,10966,9,1218.4444444444443
352,2014,Jordan Adams,SG,22,75.5,208.8,82.0,102.0,8' 6'',24.5,29.5,12.13,3.5,7518,22,36,1082,.485,.551,.356,.836,17.4,5.3,2.3,2.6,0.1,6.4,11.5,263,2,131.5
353,2014,Cameron Bairstow,PF,49,80.75,252.4,84.75,107.0,8' 11'',31.0,33.5,11.39,3.37,9127,49,34,1119,.556,.558,.333,.735,20.4,7.4,1.6,0.6,1.5,6.5,9.7,169,2,84.5
354,2014,Markel Brown,SG,44,74.5,184.4,80.75,100.0,8' 4'',36.5,43.5,12.62,3.18,8089,44,34,1201,.473,.525,.379,.768,17.2,5.3,2.9,1.0,1.0,5.7,8.9,1800,3,600.0
355,2014,Semaj Christon,PG,55,73.5,186.0,78.5,99.0,8' 3'',30.5,36.5,11.55,3.32,8361,55,34,1200,.479,.491,.388,.668,17.0,2.7,4.2,1.3,0.2,4.0,5.2,972,1,972.0
356,2014,Jordan Clarkson,PG,46,75.25,186.3,80.0,98.0,8' 2'',33.0,38.5,10.76,3.28,8217,46,35,1228,.448,.501,.281,.831,17.5,3.8,3.4,1.1,0.2,4.4,4.3,16198,8,2024.75
357,2014,Cleanthony Early,SF,34,78.0,209.4,82.75,101.5,8' 5.5'',34.0,40.0,11.15,3.18,8532,34,36,986,.484,.579,.373,.844,16.4,5.9,0.8,0.8,0.8,6.1,9.0,802,2,401.0
358,2014,Tyler Ennis,PG,18,73.0,181.5,79.25,98.0,8' 2'',29.0,36.0,11.12,3.3,7564,18,34,1215,.411,.429,.353,.765,12.9,3.4,5.5,2.1,0.2,5.5,8.7,2336,4,584.0
359,2014,Aaron Gordon,PF,4,79.5,220.1,83.75,105.0,8' 9'',32.5,39.0,10.81,3.27,7221,4,38,1187,.495,.513,.356,.422,12.4,8.0,2.0,0.9,1.0,5.4,8.4,15279,8,1909.875
360,2014,Joe Harris,SG,33,76.75,215.0,78.0,100.0,8' 4'',28.5,33.5,11.11,3.31,8671,33,37,1066,.441,.487,.400,.640,12.0,2.9,2.3,0.9,0.2,5.0,8.6,10597,8,1324.625
361,2014,Rodney Hood,SF,23,79.25,208.2,80.5,103.0,8' 7'',29.0,36.0,11.21,3.38,8350,23,35,1150,.464,.494,.420,.807,16.1,3.9,2.1,0.7,0.3,4.9,7.2,10986,8,1373.25
362,2014,Cory Jefferson,PF,60,79.75,218.4,84.5,105.0,8' 9'',33.0,37.5,12.63,3.36,9146,60,38,1103,.500,.515,.368,.640,13.7,8.2,1.0,0.4,1.3,4.9,6.3,580,2,290.0
363,2014,Nick Johnson,SG,42,73.5,198.0,79.25,96.5,8' 0.5'',33.5,41.5,10.8,3.27,8412,42,38,1257,.432,.469,.367,.781,16.3,4.1,2.8,1.1,0.7,6.7,10.7,261,1,261.0
364,2014,Zach LaVine,PG,13,76.5,180.9,80.25,100.0,8' 4'',33.5,41.5,10.42,3.19,7035,13,37,904,.441,.494,.375,.691,9.4,2.5,1.8,0.9,0.2,2.5,2.9,15222,8,1902.75
365,2014,Doug McDermott,SF,11,78.25,218.0,81.25,103.0,8' 7'',28.5,36.5,11.1,3.29,8063,11,35,1181,.526,.567,.449,.864,26.7,7.0,1.6,0.2,0.1,7.7,10.9,11000,8,1375.0
366,2014,Jordan McRae,SG,58,75.75,179.4,84.5,104.0,8' 8'',27.5,34.5,11.07,3.39,8513,58,37,1190,.436,.502,.351,.788,18.7,3.5,2.5,0.7,1.0,6.2,10.5,1694,4,423.5
367,2014,Shabazz Napier,PG,24,71.0,175.2,75.25,93.0,7' 9'',30.5,37.5,11.6,3.2,8619,24,40,1404,.429,.448,.405,.870,18.0,5.9,4.9,1.8,0.3,7.9,12.0,5986,6,997.6666666666666
368,2014,Lamar Patterson,SG,48,76.0,226.0,83.0,101.0,8' 5'',27.5,32.5,11.63,3.45,8647,48,36,1174,.441,.484,.388,.754,17.1,4.9,4.3,1.4,0.3,5.9,11.4,435,2,217.5
369,2014,Elfrid Payton,PG,10,74.5,185.4,80.0,98.5,8' 2.5'',31.5,35.5,11.06,3.23,7382,10,35,1258,.509,.541,.259,.609,19.2,6.0,5.9,2.3,0.6,5.6,6.8,13390,8,1673.75
370,2014,Dwight Powell,PF,45,81.5,234.4,84.5,105.0,8' 9'',28.5,35.0,11.28,3.2,8625,45,36,1167,.462,.485,.256,.687,14.0,6.9,3.1,1.3,0.8,3.8,5.7,9716,8,1214.5
371,2014,Julius Randle,PF,7,79.75,249.7,84.0,105.5,8' 9.5'',29.0,35.5,11.45,3.27,7659,7,40,1233,.501,.517,.167,.706,15.0,10.4,1.4,0.5,0.8,5.9,7.5,16148,8,2018.5
372,2014,Marcus Smart,PG,6,74.0,227.2,81.25,99.0,8' 3'',33.0,36.0,10.82,3.26,7396,6,31,1014,.422,.514,.299,.728,18.0,5.9,4.8,2.9,0.6,5.6,12.0,15485,8,1935.625
373,2014,Russ Smith,PG,47,71.5,160.0,75.5,95.0,7' 11'',29.5,34.0,11.57,3.27,8534,47,37,1084,.468,.517,.387,.705,18.2,3.3,4.6,2.0,0.1,6.7,11.5,128,2,64.0
374,2014,Nik Stauskas,SG,8,77.25,206.9,79.75,102.0,8' 6'',29.0,35.5,10.79,3.27,7972,8,36,1281,.470,.500,.442,.824,17.5,2.9,3.3,0.6,0.3,6.2,9.3,6704,6,1117.3333333333333
375,2014,Jarnell Stokes,PF,35,79.0,262.8,85.25,103.5,8' 7.5'',31.0,36.0,11.92,3.26,7337,35,37,1199,.531,.531,0,.696,15.1,10.6,2.0,0.7,0.9,6.8,9.5,151,3,50.333333333333336
376,2014,Noah Vonleh,PF,9,80.0,247.1,88.25,108.0,9' 0'',31.0,37.0,11.45,3.28,7199,9,30,794,.523,.530,.485,.716,11.3,9.0,0.6,0.9,1.4,3.6,6.6,5685,7,812.1428571428571
377,2014,T.J. Warren,SF,14,79.0,220.2,82.25,104.0,8' 8'',27.0,35.5,11.1,3.26,7940,14,35,1238,.525,.580,.267,.690,24.9,7.1,1.1,1.8,0.6,6.5,10.8,9553,7,1364.7142857142858
378,2014,C.J. Wilcox,SG,28,75.5,201.0,81.75,100.5,8' 4.5'',31.0,37.5,11.3,3.22,9150,28,32,1116,.453,.522,.391,.873,18.3,3.7,2.5,1.0,1.0,4.4,8.4,379,3,126.33333333333333
379,2015,Justin Anderson,SF-SG,21,77.25,230.6,83.75,101.0,8' 5'',38.0,43.0,11.13,3.22,8379,21,26,724,.466,.479,.452,.780,12.2,4.0,1.7,0.7,0.5,4.4,12.7,3275,6,545.8333333333334
380,2015,Devin Booker,SG,13,76.5,205.8,80.25,102.5,8' 6.5'',27.5,34.5,10.27,3.28,7265,13,38,816,.470,.527,.411,.828,10.0,2.0,1.1,0.4,0.1,4.5,9.4,16069,7,2295.5714285714284
381,2015,Anthony Brown,SF-SG,34,77.75,211.0,83.0,104.5,8' 8.5'',27.5,34.5,10.94,3.18,8705,34,37,1320,.431,.424,.441,.795,14.8,6.9,2.5,0.8,0.2,5.2,7.1,759,3,253.0
382,2015,Rakeem Christmas,PF-C,36,80.25,242.6,89.25,110.5,9' 2.5'',29.0,32.0,11.6,3.47,9121,36,31,1064,.552,.553,.000,.712,17.5,9.1,1.5,0.9,2.5,5.4,8.1,223,2,111.5
383,2015,Pat Connaughton,SG,41,76.0,215.0,80.0,96.0,8' 0'',37.5,44.0,10.58,3.2,8066,41,38,1351,.466,.537,.423,.781,12.5,7.4,1.5,0.7,0.9,5.4,7.6,7725,7,1103.5714285714287
384,2015,Branden Dawson,PF,56,77.5,230.2,83.0,105.0,8' 9'',28.5,34.5,12.22,3.2,8091,56,35,1055,.535,.535,0,.490,11.9,9.1,1.7,1.2,1.7,4.4,8.6,28,1,28.0
385,2015,Sam Dekker,SF,18,79.75,218.6,83.5,106.0,8' 10'',25.5,34.5,10.64,3.28,7821,18,40,1239,.525,.639,.331,.708,13.9,5.5,1.2,0.5,0.5,7.0,10.4,3096,5,619.2
386,2015,Andrew Harrison,PG,44,76.5,213.2,81.0,100.0,8' 4'',26.5,33.0,11.2,3.34,7993,44,39,994,.378,.376,.383,.792,9.3,2.2,3.6,1.0,0.2,5.1,8.4,2985,3,995.0
387,2015,Rondae Hollis-Jefferson,SF,23,77.5,210.8,86.0,104.0,8' 8'',32.0,38.0,10.41,3.12,7333,23,38,1090,.502,.537,.207,.707,11.2,6.8,1.6,1.2,0.8,5.9,9.4,6763,6,1127.1666666666667
388,2015,Richaun Holmes,PF,37,80.25,242.8,85.5,108.0,9' 0'',32.5,36.0,11.24,3.32,8345,37,31,892,.563,.588,.419,.712,14.7,8.0,0.8,0.7,2.7,5.1,8.7,7920,7,1131.4285714285713
389,2015,Dakari Johnson,C,48,83.0,264.6,86.0,112.0,9' 4'',22.5,25.0,11.76,3.62,7592,48,39,635,.506,.506,0,.625,6.4,4.6,0.7,0.4,0.9,3.6,8.2,163,1,163.0
390,2015,Tyus Jones,PG,24,72.5,184.6,77.0,97.0,8' 1'',26.5,32.5,11.84,3.32,7095,24,39,1322,.417,.440,.379,.889,11.8,3.5,5.6,1.5,0.1,6.5,9.3,8374,7,1196.2857142857142
391,2015,Jarell Martin,PF,25,80.0,238.6,81.0,106.5,8' 10.5'',28.5,35.0,11.2,3.27,7839,25,33,1159,.509,.545,.269,.690,16.9,9.2,1.8,1.2,0.7,5.1,4.7,2931,4,732.75
392,2015,Jordan Mickey,PF,33,79.0,238.0,87.25,106.0,8' 10'',33.0,37.5,11.72,3.28,7884,33,31,1081,.504,.514,.111,.646,15.4,9.9,1.3,0.9,3.6,3.9,4.8,484,3,161.33333333333334
393,2015,Cameron Payne,PG,14,72.75,182.8,79.25,97.5,8' 1.5'',29.75,35.5,10.9,3.28,7913,14,35,1127,.456,.513,.377,.787,20.2,3.7,6.0,1.9,0.5,7.3,9.9,5002,7,714.5714285714286
394,2015,Bobby Portis,PF,22,81.5,246.2,86.0,108.5,9' 0.5'',25.0,31.5,11.78,3.56,7370,22,36,1076,.536,.541,.467,.737,17.5,8.9,1.2,1.1,1.4,6.1,8.9,9836,7,1405.142857142857
395,2015,Norman Powell,SG,46,75.0,215.4,82.75,102.5,8' 6.5'',32.5,40.5,10.69,3.2,8205,46,36,1244,.456,.503,.319,.751,16.4,4.7,2.1,1.8,0.4,4.4,6.2,9430,7,1347.142857142857
396,2015,Terry Rozier,PG-SG,16,72.5,190.2,80.25,98.5,8' 2.5'',33.0,38.0,10.84,3.15,7772,16,36,1260,.411,.456,.306,.790,17.1,5.6,3.0,2.0,0.2,6.0,9.4,12440,7,1777.142857142857
397,2015,Rashad Vaughn,SG,17,75.75,198.6,79.0,101.0,8' 5'',28.0,34.0,11.4,3.21,7191,17,23,742,.439,.481,.383,.694,17.8,4.8,1.6,0.8,0.3,2.5,4.5,1669,3,556.3333333333334
398,2015,Delon Wright,PG,20,76.25,181.4,79.5,101.5,8' 5.5'',29.5,31.0,11.16,3.29,8541,20,35,1165,.509,.554,.356,.836,14.5,4.9,5.1,2.1,1.0,8.4,15.5,8593,7,1227.5714285714287
399,2016,Ben Bentil,PF,51,79.25,229.2,85.5,105.0,8' 9'',29.0,33.0,11.16,3.3,7784,51,35,1198,.462,.517,.329,.782,21.1,7.7,1.1,0.9,1.0,5.8,8.2,10,1,10.0
400,2016,Joel Bolomboy,PF,52,79.5,224.4,85.75,103.5,8' 7.5'',37.5,40.5,10.26,3.17,8088,52,33,1041,.573,.613,.364,.697,17.1,12.6,1.1,0.7,1.2,6.5,4.3,91,2,45.5
401,2016,Malcolm Brogdon,SG,36,75.75,223.0,82.5,98.0,8' 2'',30.5,35.5,10.77,3.31,9131,36,37,1263,.457,.498,.391,.897,18.2,4.1,3.1,0.9,0.2,7.0,11.3,10059,6,1676.5
402,2016,Marquese Chriss,PF,8,80.75,233.0,84.25,105.0,8' 9'',32.5,38.5,11.93,3.26,7147,8,34,848,.530,.568,.350,.682,13.7,5.4,0.8,0.9,1.6,3.1,4.9,5331,6,888.5
403,2016,Cheick Diallo,PF,33,79.5,218.6,88.5,107.5,8' 11.5'',31.0,35.0,11.24,3.26,7583,33,27,202,.569,.569,0,.556,3.0,2.5,0.0,0.3,0.9,0.8,3.7,2185,5,437.0
404,2016,Kay Felder,PG,54,68.25,177.2,74.5,88.5,7' 4.5'',35.5,44.0,11.52,3.15,7784,54,35,1286,.440,.485,.355,.848,24.4,4.3,9.3,2.0,0.2,7.6,8.3,527,2,263.5
405,2016,Michael Gbinije,SG,49,77.5,204.6,79.5,101.0,8' 5'',33.5,37.5,11.0,3.12,8945,49,37,1403,.461,.525,.391,.663,17.5,4.1,4.3,1.9,0.4,5.7,8.4,31,1,31.0
406,2016,Daniel Hamilton,SG-SF,56,78.25,197.0,81.0,103.5,8' 7.5'',26.0,29.0,11.48,3.4,7913,56,36,1147,.387,.416,.331,.860,12.5,8.9,4.7,1.1,0.4,4.7,8.0,235,2,117.5
407,2016,Demetrius Jackson,PG,45,72.0,193.8,77.5,93.0,7' 9'',37.5,43.5,10.81,3.25,8307,45,35,1259,.451,.525,.331,.813,15.8,3.5,4.7,1.2,0.3,4.4,6.1,140,3,46.666666666666664
408,2016,Brice Johnson,PF,25,81.0,208.6,84.5,106.5,8' 10.5'',33.5,38.0,11.88,3.2,8237,25,40,1121,.614,.614,0,.783,17.0,10.4,1.5,1.1,1.5,7.6,12.7,109,2,54.5
409,2016,Damian Jones,C,30,82.25,243.6,87.75,107.0,8' 11'',36.0,37.0,11.35,3.2,7875,30,33,866,.590,.595,.000,.536,13.9,6.9,1.2,0.2,1.6,3.8,6.2,3030,6,505.0
410,2016,Jake Layman,SF,47,80.0,208.6,81.25,102.0,8' 6'',33.0,39.5,11.35,3.24,8127,47,36,1112,.500,.610,.396,.832,11.6,5.3,1.1,1.1,1.0,4.4,8.2,3099,6,516.5
411,2016,Patrick McCaw,PG-SG,38,77.25,180.8,82.0,100.5,8' 4.5'',30.0,38.0,11.01,3.3,7990,38,33,1113,.465,.571,.366,.774,14.7,5.1,3.9,2.5,0.4,5.0,7.6,3382,5,676.4
412,2016,Georges Niang,PF,50,78.75,230.8,82.0,103.0,8' 7'',25.0,31.0,11.64,3.49,8592,50,35,1162,.546,.605,.392,.807,20.5,6.2,3.3,0.9,0.6,5.6,8.7,4459,6,743.1666666666666
413,2016,Chinanu Onuaku,C,37,81.0,245.2,86.75,108.5,9' 0.5'',27.5,33.5,11.65,3.5,7631,37,31,762,.620,.623,.000,.589,9.9,8.5,1.6,0.8,2.0,4.2,10.5,72,2,36.0
414,2016,Marcus Paige,PG,55,72.5,163.8,78.25,97.0,8' 1'',33.5,39.5,10.82,3.15,8676,55,34,1075,.398,.459,.356,.774,12.6,2.5,3.8,1.1,0.4,4.2,8.0,27,1,27.0
415,2016,Taurean Prince,SF,12,78.5,220.2,83.5,102.0,8' 6'',34.0,36.0,10.96,3.24,8142,12,34,1040,.432,.469,.361,.774,15.9,6.1,2.3,1.3,0.7,3.8,6.6,8941,6,1490.1666666666667
416,2016,Malachi Richardson,SG-SF,22,76.75,199.6,84.0,101.5,8' 5.5'',33.0,38.0,10.56,3.33,7335,22,37,1272,.369,.388,.353,.720,13.4,4.3,2.1,1.1,0.3,3.3,3.5,624,3,208.0
417,2016,Pascal Siakam,PF,27,80.25,226.6,87.25,107.5,8' 11.5'',30.5,36.5,11.25,3.41,8152,27,34,1176,.539,.549,.200,.678,20.3,11.6,1.7,1.0,2.2,7.8,8.2,11778,6,1963.0
418,2016,Diamond Stone,C,40,81.0,254.4,86.75,108.5,9' 0.5'',27.0,29.5,12.02,3.5,7005,40,35,807,.568,.568,0,.761,12.5,5.4,0.4,0.5,1.6,4.1,5.8,25,1,25.0
419,2016,Tyler Ulis,PG,34,68.75,149.2,74.0,88.5,7' 4.5'',32.5,38.0,10.8,3.2,7335,34,35,1288,.434,.486,.344,.856,17.3,3.0,7.0,1.5,0.1,7.1,10.3,2780,3,926.6666666666666
420,2016,Denzel Valentine,SG-SF,14,76.0,210.4,82.75,102.0,8' 6'',27.0,32.0,10.51,3.46,8741,14,31,1022,.462,.481,.444,.853,19.2,7.5,7.8,1.0,0.2,7.2,15.6,4825,5,965.0
421,2016,Isaiah Whitehead,PG-SG,42,75.25,210.0,80.75,100.0,8' 4'',27.5,35.5,11.65,3.34,7763,42,34,1098,.379,.390,.365,.760,18.2,3.6,5.1,1.2,1.4,4.2,8.9,1826,2,913.0
422,2016,Stephen Zimmerman,C,41,82.25,234.0,87.25,108.5,9' 0.5'',26.0,31.0,12.08,3.43,7579,41,26,680,.477,.492,.294,.624,10.5,8.7,0.8,0.5,2.0,2.1,1.4,110,1,110.0
423,2017,Jarrett Allen,C,22,81.0,233.6,89.25,109.5,9' 1.5'',31.5,35.5,11.82,3.21,7076,22,33,1061,.566,.579,.000,.564,13.4,8.4,0.8,0.6,1.5,3.3,5.2,9060,5,1812.0
424,2017,Kadeem Allen,PG,53,73.0,192.4,81.25,99.5,8' 3.5'',33.0,35.5,11.24,3.15,8805,53,34,1020,.453,.466,.427,.741,9.8,4.0,3.0,1.6,0.6,3.8,7.4,639,3,213.0
425,2017,Ike Anigbogu,C,47,80.5,252.2,90.25,110.5,9' 2.5'',29.5,32.5,12.52,3.44,7251,47,29,377,.564,.564,0,.535,4.7,4.0,0.2,0.2,1.2,1.3,0.9,36,2,18.0
426,2017,Dwayne Bacon,SG-SF,40,76.75,221.6,82.0,103.5,8' 7.5'',30.0,36.5,11.7,3.22,8300,40,35,1008,.452,.516,.333,.754,17.2,4.2,1.7,1.0,0.1,3.8,5.5,4017,4,1004.25
427,2017,Jordan Bell,PF,38,79.0,223.6,83.75,104.5,8' 8.5'',31.5,38.0,10.63,3.21,8067,38,39,1124,.636,.659,.214,.701,10.9,8.8,1.8,1.3,2.3,6.2,10.8,1943,5,388.6
428,2017,Jordan Bell,PF,38,79.0,223.6,83.75,104.5,8' 8.5'',31.5,38.0,10.63,3.21,8067,38,26,302,.442,.524,.281,.650,4.1,3.2,0.6,0.3,0.4,0.7,-3.2,1943,5,388.6
429,2017,Jaron Blossomgame,SF,59,77.75,218.6,82.0,104.5,8' 8.5'',31.0,35.5,11.47,3.17,9046,59,33,1133,.499,.565,.255,.714,17.7,6.3,1.5,0.8,0.9,4.3,6.2,441,1,441.0
430,2017,Tony Bradley,C,28,81.25,248.8,89.0,112.5,9' 4.5'',24.5,27.5,11.79,3.44,6973,28,38,553,.573,.573,0,.619,7.1,5.1,0.6,0.3,0.6,3.1,7.9,1958,5,391.6
431,2017,Dillon Brooks,SG-SF,45,77.0,220.2,78.0,100.5,8' 4.5'',31.0,37.5,11.14,3.21,7717,45,35,886,.488,.532,.401,.754,16.1,3.2,2.7,1.1,0.5,4.7,9.1,7677,5,1535.4
432,2017,Thomas Bryant,PF-C,42,81.5,247.8,90.0,112.5,9' 4.5'',25.5,33.0,11.42,3.37,7541,42,34,954,.519,.556,.383,.730,12.6,6.6,1.5,0.8,1.5,3.8,6.2,3427,5,685.4
433,2017,John Collins,PF,19,80.25,225.2,83.25,106.5,8' 10.5'',33.0,37.5,11.66,3.27,7593,19,33,878,.622,.624,.000,.745,19.2,9.8,0.5,0.6,1.6,5.6,9.9,8486,5,1697.2
434,2017,Tyler Dorsey,SG,41,75.0,182.6,77.25,99.5,8' 3.5'',30.5,36.0,10.55,3.16,7743,41,39,1169,.467,.513,.423,.755,14.6,3.5,1.7,0.8,0.1,5.2,6.8,1677,2,838.5
435,2017,Damyean Dotson,SG-SF,44,76.5,205.2,81.0,100.0,8' 4'',31.5,38.0,11.18,3.13,8551,44,32,1098,.470,.505,.443,.830,17.4,6.9,1.1,0.9,0.2,5.9,9.4,4242,5,848.4
436,2017,Jawun Evans,PG,39,70.75,185.2,77.5,95.0,7' 11'',27.5,33.5,11.34,3.21,7901,39,32,936,.438,.452,.379,.812,19.2,3.4,6.4,1.8,0.1,4.8,9.2,842,2,421.0
437,2017,Josh Hart,SG-SF,30,75.75,209.2,80.25,101.0,8' 5'',27.5,35.5,11.15,3.18,8126,30,36,1193,.510,.579,.404,.747,18.7,6.4,2.9,1.6,0.3,7.7,12.0,8073,5,1614.6
438,2017,Frank Jackson,PG,31,74.0,201.6,79.5,98.0,8' 2'',34.5,42.0,10.94,3.14,7089,31,36,895,.473,.539,.395,.755,10.9,2.5,1.7,0.6,0.1,3.3,5.1,3868,4,967.0
439,2017,Kyle Kuzma,SF-SG,27,80.0,222.6,84.25,107.5,8' 11.5'',27.0,34.0,10.72,3.25,8264,27,29,894,.504,.560,.321,.669,16.4,9.3,2.4,0.6,0.5,4.5,6.3,10397,5,2079.4
440,2017,Tyler Lydon,PF,24,80.25,215.0,84.0,107.5,8' 11.5'',29.5,33.5,11.68,3.46,7794,24,34,1227,.473,.523,.395,.836,13.2,8.6,2.1,1.0,1.4,4.8,7.0,97,2,48.5
441,2017,Donovan Mitchell,SG,13,73.25,211.4,82.0,97.0,8' 1'',36.5,40.5,11.53,3.01,7942,13,34,1098,.408,.463,.354,.806,15.6,4.9,2.7,2.1,0.5,5.4,11.1,11636,5,2327.2
442,2017,Monte Morris,PG,51,73.25,175.2,76.0,96.5,8' 0.5'',28.0,33.5,11.0,3.19,8237,51,35,1237,.465,.503,.378,.802,16.4,4.8,6.2,1.5,0.3,6.5,10.5,7067,5,1413.4
443,2017,Semi Ojeleye,SF-SG,37,77.25,241.4,81.75,102.0,8' 6'',35.0,40.5,10.58,3.16,8760,37,35,1195,.487,.529,.424,.785,19.0,6.9,1.5,0.4,0.4,7.7,9.3,4115,5,823.0
444,2017,Justin Patton,C,16,82.0,229.0,87.0,111.5,9' 3.5'',26.0,30.5,11.8,3.46,7494,16,35,885,.676,.683,.533,.517,12.9,6.2,1.2,0.9,1.4,4.3,8.4,295,4,73.75
445,2017,Ivan Rabb,PF,35,80.75,219.6,85.5,109.0,9' 1'',28.5,32.5,12.68,3.35,7364,35,31,1012,.484,.490,.400,.663,14.0,10.5,1.5,0.7,1.0,4.6,6.4,1241,2,620.5
446,2017,Davon Reed,SG-SF,32,76.5,206.2,84.0,102.0,8' 6'',28.5,36.0,11.37,3.34,8221,32,33,1165,.433,.474,.397,.833,14.9,4.8,2.4,1.3,0.5,4.8,8.2,956,3,318.6666666666667
447,2017,Sindarius Thornwell,SG-SF,48,75.5,211.6,82.0,103.0,8' 7'',27.0,30.5,11.48,3.36,8740,48,31,1051,.444,.471,.392,.830,21.4,7.1,2.8,2.1,1.0,7.2,17.1,1727,4,431.75
448,2017,Derrick White,PG,29,75.25,189.8,79.5,101.5,8' 5.5'',31.0,36.5,10.84,3.08,8607,29,34,1116,.507,.569,.396,.813,18.1,4.1,4.4,1.2,1.4,5.9,12.4,6815,5,1363.0
449,2017,Nigel Williams-Goss,PG,55,73.5,190.2,79.25,99.0,8' 3'',27.5,34.5,10.42,3.19,8681,55,38,1248,.486,.527,.368,.867,16.8,6.0,4.7,1.7,0.1,8.1,10.8,50,1,50.0
450,2018,Grayson Allen,SG,21,75.0,198.0,79.25,97.0,8' 1'',32.5,40.5,10.31,3.15,8703,21,37,1319,.418,.503,.370,.850,15.5,3.3,4.6,1.7,0.1,5.9,8.4,4197,4,1049.25
451,2018,Kostas Antetokounmpo,PF,60,81.0,194.8,86.25,110.0,9' 2'',29.5,35.0,12.48,3.21,8015,60,29,438,.574,.651,.133,.516,5.2,2.9,0.4,0.2,1.1,0.7,-2.1,86,3,28.666666666666668
452,2018,Keita Bates-Diop,SG-SF,48,79.25,223.8,87.25,106.5,8' 10.5'',30.5,35.0,11.2,3.17,8083,48,34,1125,.480,.547,.359,.794,19.8,8.7,1.6,0.9,1.6,6.1,11.1,2449,4,612.25
453,2018,Bruce Brown,SG-PG,42,75.5,194.6,81.0,98.5,8' 2.5'',32.5,38.0,11.11,3.2,8285,42,19,640,.415,.484,.267,.629,11.4,7.1,4.0,1.3,0.8,1.9,5.1,6318,4,1579.5
454,2018,Jalen Brunson,PG,33,73.0,198.4,76.0,96.0,8' 0'',29.0,37.0,10.59,3.15,8301,33,40,1272,.521,.599,.408,.802,18.9,3.1,4.6,0.9,0.0,7.7,10.2,6836,4,1709.0
455,2018,Jevon Carter,PG,32,72.25,196.2,76.25,95.0,7' 11'',29.0,36.5,11.04,3.18,8679,32,37,1313,.422,.441,.393,.858,17.3,4.6,6.6,3.0,0.4,7.0,12.0,3139,4,784.75
456,2018,Donte DiVincenzo,SG,17,75.5,200.6,78.0,97.5,8' 1.5'',34.5,42.0,10.72,3.11,7726,17,40,1170,.481,.575,.401,.710,13.4,4.8,3.5,1.1,0.2,5.5,9.0,4756,4,1189.0
457,2018,Hamidou Diallo,SG,45,76.25,197.0,83.5,103.0,8' 7'',32.5,40.5,10.53,3.1,7541,45,37,918,.428,.458,.338,.616,10.0,3.6,1.2,0.8,0.4,2.4,2.9,3916,4,979.0
458,2018,Jacob Evans,SG-SF,28,76.25,199.6,81.25,102.5,8' 6.5'',28.0,35.5,11.11,3.2,7863,28,36,1107,.427,.470,.370,.754,13.0,4.7,3.1,1.3,1.0,5.9,9.9,619,2,309.5
459,2018,Devon Hall,SG,53,76.25,206.4,79.75,102.0,8' 6'',25.0,31.0,10.95,3.27,8612,53,34,1091,.454,.472,.432,.894,11.7,4.2,3.1,0.9,0.1,5.9,10.1,82,1,82.0
460,2018,Kevin Hervey,PF,57,78.5,211.6,87.5,107.0,8' 11'',27.5,32.0,11.28,3.36,8249,57,33,1064,.446,.522,.339,.807,20.5,8.5,2.2,1.2,0.6,4.6,5.5,51,1,51.0
461,2018,Aaron Holiday,PG,23,71.75,187.0,79.5,97.0,8' 1'',25.5,33.0,10.96,3.27,8330,23,33,1244,.461,.486,.429,.828,20.3,3.7,5.8,1.3,0.2,4.9,5.9,4456,4,1114.0
462,2018,Kevin Huerter,SG,19,78.25,194.0,79.5,101.5,8' 5.5'',31.0,38.0,10.89,3.09,7567,19,32,1101,.503,.605,.417,.758,14.8,5.0,3.4,0.6,0.7,4.5,7.8,8124,4,2031.0
463,2018,Alize Johnson,PF,50,79.25,216.6,80.75,103.0,8' 7'',25.0,31.0,11.83,3.38,8172,50,33,1028,.430,.516,.281,.759,15.0,11.6,2.8,0.5,0.4,4.7,5.9,533,4,133.25
464,2018,George King,SF-SG,59,76.75,218.6,83.5,101.5,8' 5.5'',31.0,39.0,10.75,3.29,8805,59,32,913,.445,.494,.395,.782,12.9,7.8,1.1,0.5,0.7,3.0,4.7,5628,6,938.0
465,2018,George King,SF-SG,59,76.75,218.6,83.5,101.5,8' 5.5'',31.0,39.0,10.75,3.29,8805,59,32,913,.445,.494,.395,.782,12.9,7.8,1.1,0.5,0.7,3.0,4.7,25,2,12.5
466,2018,Chimezie Metu,PF-C,49,80.5,219.6,84.5,108.0,9' 0'',29.5,36.0,11.89,3.33,7777,49,34,1053,.523,.548,.300,.730,15.7,7.4,1.6,0.8,1.7,4.4,5.6,2016,4,504.0
467,2018,Shake Milton,SG-PG,54,76.5,207.2,84.75,99.5,8' 3.5'',30.0,33.0,11.07,3.25,8326,54,22,800,.449,.462,.434,.847,18.0,4.7,4.4,1.4,0.6,4.2,8.7,3721,4,930.25
468,2018,Josh Okogie,SG,20,75.0,210.8,84.0,102.0,8' 6'',33.0,42.0,11.08,3.04,7571,20,24,873,.416,.432,.380,.821,18.2,6.3,2.5,1.8,1.0,3.4,8.1,5013,4,1253.25
469,2018,Landry Shamet,PG,26,76.0,188.6,78.75,100.0,8' 4'',31.0,39.5,11.26,3.11,7768,26,32,1015,.489,.560,.442,.825,14.9,3.2,5.2,0.7,0.2,4.9,8.6,6087,4,1521.75
470,2018,Zhaire Smith,SF-SG,16,74.75,198.6,81.75,100.0,8' 4'',33.0,41.5,11.02,3.05,7119,16,37,1051,.556,.574,.450,.717,11.3,5.0,1.8,1.1,1.1,5.6,10.8,144,2,72.0
471,2018,Omari Spellman,PF-C,30,80.0,253.8,86.0,107.5,8' 11.5'',28.5,35.5,12.28,3.38,7896,30,40,1125,.476,.511,.433,.700,10.9,8.0,0.8,0.7,1.5,5.2,7.5,1691,2,845.5
472,2018,Khyri Thomas,SG,38,74.5,198.8,82.5,101.0,8' 5'',30.0,35.0,10.96,3.18,8188,38,33,1046,.538,.639,.411,.788,15.1,4.4,2.8,1.7,0.2,4.8,8.6,411,3,137.0
473,2018,Moritz Wagner,C-PF,25,82.5,241.4,84.0,108.0,9' 0'',27.0,34.0,11.48,3.18,7811,25,39,1078,.528,.614,.394,.694,14.6,7.1,0.8,1.0,0.5,5.7,9.2,2965,4,741.25
474,2019,Jordan Bone,SG,57,73.5,179.0,75.25,95.0,7' 11'',36.0,42.5,9.97,3.08,8365,57,37,1219,.465,.525,.355,.835,13.5,3.2,5.8,0.7,0.1,4.8,6.0,251,2,125.5
475,2019,Ignas Brazdeikis,SF,47,77.75,220.8,81.25,102.0,8' 6'',31.0,36.5,11.06,3.36,7338,47,37,1096,.462,.500,.392,.773,14.8,5.4,0.8,0.7,0.5,5.5,8.9,834,3,278.0
476,2019,Brandon Clarke,SF,21,79.25,207.2,80.25,102.0,8' 6'',34.0,40.5,10.61,3.15,8684,21,37,1040,.687,.705,.267,.694,16.9,8.6,1.9,1.2,3.2,8.8,16.3,3965,3,1321.6666666666667
477,2019,Carsen Edwards,PG,33,70.75,199.4,78.0,94.5,7' 10.5'',28.5,34.0,10.53,3.22,7767,33,36,1275,.394,.440,.355,.837,24.3,3.6,2.9,1.3,0.3,5.6,8.5,707,3,235.66666666666666
478,2019,Bruno Fernando,C,34,80.75,237.0,87.25,110.0,9' 2'',29.5,33.5,11.29,3.21,7920,34,34,1021,.607,.618,.300,.779,13.6,10.6,2.0,0.6,1.9,5.4,10.0,1093,3,364.3333333333333
479,2019,Daniel Gafford,PF,38,81.25,237.6,86.5,110.0,9' 2'',32.5,36.5,11.61,3.25,7966,38,32,919,.660,.660,0,.591,16.9,8.7,0.7,0.9,2.0,4.6,8.3,2850,3,950.0
480,2019,Kyle Guy,SG,55,72.75,167.8,76.5,95.5,7' 11.5'',30.5,36.5,10.48,3.27,8281,55,38,1345,.449,.491,.426,.833,15.4,4.5,2.1,0.7,0.1,6.8,10.2,430,3,143.33333333333334
481,2019,Jaxson Hayes,PF,8,82.25,218.6,87.5,110.5,9' 2.5'',27.0,34.5,11.74,3.37,7108,8,32,747,.728,.728,0,.740,10.0,5.0,0.3,0.6,2.2,4.3,10.1,3439,3,1146.3333333333333
482,2019,Talen Horton-Tucker,SG,46,74.5,235.4,85.25,103.0,8' 7'',26.0,34.5,11.34,3.34,7290,46,35,952,.406,.475,.308,.625,11.8,4.9,2.3,1.3,0.7,2.7,4.2,2894,3,964.6666666666666
483,2019,Ty Jerome,PG,24,76.25,194.4,76.0,98.0,8' 2'',26.0,31.5,11.21,3.4,8248,24,37,1256,.435,.469,.399,.736,13.6,4.2,5.5,1.5,0.0,7.2,11.5,1915,3,638.3333333333334
484,2019,Cameron Johnson,SG,11,79.0,205.2,82.0,103.0,8' 7'',30.5,36.5,10.52,3.26,8488,11,36,1076,.506,.556,.457,.818,16.9,5.8,2.4,1.2,0.3,6.2,12.9,4415,3,1471.6666666666667
485,2019,Mfiondu Kabengele,PF,27,80.75,256.2,87.0,109.5,9' 1.5'',28.0,35.5,11.21,3.25,8284,27,37,798,.502,.534,.369,.761,13.2,5.9,0.3,0.6,1.5,4.8,9.6,345,2,172.5
486,2019,Nassir Little,SF,25,76.5,224.2,85.25,104.5,8' 8.5'',31.0,38.5,12.15,3.24,7006,25,36,656,.478,.527,.269,.770,9.8,4.6,0.7,0.5,0.5,2.7,5.1,2306,3,768.6666666666666
487,2019,Terance Mann,SG-SF,48,76.75,204.6,79.75,101.0,8' 5'',32.5,38.5,11.51,3.3,8713,48,37,1174,.505,.547,.390,.790,11.4,6.5,2.5,0.7,0.3,5.1,7.7,3942,3,1314.0
488,2019,Cody Martin,PG-SG,36,76.75,192.2,82.25,102.5,8' 6.5'',28.0,35.5,10.44,3.32,9058,36,34,1171,.505,.574,.358,.763,12.1,4.5,4.9,1.4,0.7,5.4,7.0,3618,3,1206.0
489,2019,Jalen McDaniels,SF,52,80.25,191.6,84.25,105.5,8' 9.5'',29.5,33.5,11.54,3.32,7726,52,34,1055,.466,.495,.320,.732,15.9,8.3,2.1,1.1,0.5,4.0,3.3,2094,3,698.0
490,2019,Jaylen Nowell,SG,43,75.25,202.4,79.25,98.0,8' 2'',32.0,38.5,10.76,3.23,7519,43,36,1240,.502,.525,.440,.779,16.2,5.3,3.1,1.3,0.3,5.0,4.9,1887,3,629.0
491,2019,Miye Oni,SG,58,76.25,205.6,82.75,100.5,8' 4.5'',30.5,38.5,11.71,3.17,8274,58,29,898,.441,.487,.371,.793,17.1,6.3,3.6,0.9,1.3,3.7,4.2,676,3,225.33333333333334
492,2019,Eric Paschall,SF,41,78.0,254.4,87.75,103.5,8' 7.5'',33.0,38.0,11.63,3.3,8729,41,36,1301,.447,.532,.348,.746,16.5,6.1,2.1,0.7,0.5,4.7,4.8,3088,3,1029.3333333333333
493,2019,Jordan Poole,SG,28,75.5,190.8,78.75,99.5,8' 3.5'',28.0,35.5,10.59,3.27,7499,28,37,1224,.436,.518,.369,.833,12.8,3.0,2.2,1.1,0.2,4.9,7.2,4547,3,1515.6666666666667
494,2019,Isaiah Roby,PF,45,79.25,214.0,85.0,106.0,8' 10'',32.5,35.5,10.63,3.25,7728,45,35,1093,.454,.496,.333,.677,11.8,6.9,1.9,1.3,1.9,3.8,6.7,2384,3,794.6666666666666
495,2019,Admiral Schofield,SF,42,76.0,240.6,81.75,102.5,8' 6.5'',30.0,34.0,10.77,3.37,8150,42,37,1175,.474,.505,.418,.698,16.5,6.1,2.0,0.9,0.5,4.6,6.3,840,2,420.0
496,2019,Marial Shayok,SF-PF,54,76.5,196.8,84.25,103.5,8' 7.5'',29.5,36.5,11.16,3.37,8996,54,34,1118,.496,.568,.386,.878,18.7,4.9,2.0,0.9,0.2,4.7,6.4,28,1,28.0
497,2019,Tremont Waters,PG,51,69.5,172.4,74.25,93.5,7' 9.5'',30.5,40.5,10.76,3.07,7705,51,33,1070,.430,.507,.327,.813,15.3,2.8,5.8,2.9,0.1,4.2,8.9,408,3,136.0
498,2019,Quinndary Weatherspoon,SG,49,75.0,206.6,81.0,100.0,8' 4'',31.0,38.0,11.57,3.16,8675,49,34,1157,.508,.564,.396,.809,18.5,4.7,2.8,1.7,0.3,5.4,8.1,270,3,90.0
499,2019,Grant Williams,PF,22,77.75,240.2,81.75,104.5,8' 8.5'',26.0,31.5,10.83,3.33,8025,22,37,1181,.564,.593,.326,.819,18.8,7.5,3.2,1.1,1.5,7.9,12.7,4062,3,1354.0
500,2019,Dylan Windler,SF,26,78.25,195.8,82.0,104.5,8' 8.5'',29.0,37.5,10.7,3.3,8687,26,33,1097,.540,.659,.429,.847,21.3,10.8,2.5,1.4,0.6,7.2,10.3,978,2,489.0
501,2020,Udoka Azubuike,C,27,82.0,259.5,91.25,109.0,9'1.00'',37.0,41.0,11.82,3.23,7952,27,31,859,.748,.748,0,.441,13.7,10.5,0.9,0.5,2.6,5.5,12.4,255,2,127.5
502,2020,Tyler Bey,PF,36,78.0,212.8,85.25,105.5,8'9.50'',37.0,43.5,11.35,3.17,8100,36,31,898,.530,.545,.419,.743,13.8,9.0,1.5,1.5,1.2,5.1,10.1,70,1,70.0
503,2020,CJ Elleby,SG-SF,46,77.5,198.6,79.25,100.5,8'4.50'',30.5,36.5,11.25,3.25,7496,46,32,1068,.396,.439,.339,.823,18.4,7.8,1.9,1.8,0.8,4.5,7.6,1363,2,681.5
504,2020,Josh Green,SG-SF,18,76.5,214.0,81.75,101.5,8'5.50'',30.5,39.5,10.64,3.12,7646,18,30,926,.424,.449,.361,.780,12.0,4.6,2.6,1.5,0.4,3.8,6.9,1485,2,742.5
505,2020,Jalen Harris,SG,59,74.75,193.4,79.0,97.5,8'1.50'',37.5,42.5,10.59,3.11,8284,59,32,777,.374,.500,.279,.745,4.2,2.1,2.4,0.9,0.3,1.4,0.7,170,1,170.0
506,2020,Jalen Harris,SG,59,74.75,193.4,79.0,97.5,8'1.50'',37.5,42.5,10.59,3.11,8284,59,30,991,.446,.495,.362,.823,21.7,6.5,3.9,1.1,0.1,5.0,7.6,170,1,170.0
507,2020,Skylar Mays,SG,50,75.0,204.0,78.0,99.0,8'3.00'',29.0,37.5,10.65,3.3,8670,50,31,1067,.491,.548,.394,.854,16.7,5.0,3.2,1.8,0.2,5.1,8.3,491,2,245.5
508,2020,Zeke Nnaji,PF-C,22,81.25,246.8,86.0,105.5,8'9.50'',33.0,38.0,10.94,3.2,6974,22,32,981,.570,.586,.294,.760,16.1,8.6,0.8,0.7,0.9,5.6,8.0,1095,2,547.5
509,2020,Jordan Nwora,SF-PF,45,77.75,223.0,82.25,104.0,8'8.00'',29.0,35.0,11.29,3.43,8309,45,31,1026,.440,.469,.402,.813,18.0,7.7,1.3,0.7,0.3,5.2,8.2,1459,2,729.5
510,2020,Reggie Perry,PF-C,57,80.25,249.6,84.25,106.5,8'10.50'',30.0,33.5,11.26,3.25,7411,57,31,963,.500,.542,.324,.768,17.4,10.1,2.3,0.8,1.2,5.2,8.5,395,2,197.5
511,2020,Immanuel Quickley,SG,25,74.0,185.8,80.25,99.0,8'3.00'',29.5,35.5,11.21,3.17,7862,25,30,989,.417,.409,.428,.923,16.1,4.2,1.9,0.9,0.1,4.8,7.3,3043,2,1521.5
512,2020,Nick Richards,C,42,82.5,241.6,86.25,110.0,9'2.00'',30.0,34.0,11.42,3.25,8754,42,31,919,.642,.642,0,.752,14.0,7.8,0.2,0.1,2.1,5.1,7.0,427,2,213.5
513,2020,Grant Riller,PG-SG,56,72.25,178.4,77.25,96.5,8'0.50'',32.5,39.5,11.17,3.07,8463,56,31,1039,.499,.554,.362,.827,21.9,5.1,3.9,1.6,0.3,5.8,7.1,26,1,26.0
514,2020,Cassius Stanley,SG,54,77.0,201.6,79.0,99.5,8'3.50'',34.5,44.0,11.4,3.09,7923,54,29,796,.474,.527,.360,.733,12.6,4.9,1.0,0.7,0.7,3.3,5.4,249,2,124.5
515,2020,Tyrell Terry,PG,31,73.5,170.0,73.75,96.0,8'0.00'',30.0,34.0,10.78,3.28,7598,31,31,1010,.441,.470,.408,.891,14.6,4.5,3.2,1.4,0.1,4.5,6.1,60,2,30.0
516,2020,Cassius Winston,PG,53,72.5,196.0,78.0,97.0,8'1.00'',24.0,28.0,11.15,3.61,8118,53,30,980,.448,.459,.432,.852,18.6,2.5,5.9,1.2,0.0,5.0,8.9,137,2,68.5
517,2021,Scottie Barnes,SF,4,79.0,225.4,86.75,108.0,9'0.0'',36.0,39.5,10.88,3.15,7541,4,24,595,.503,.561,.275,.621,10.3,4.0,4.1,1.5,0.5,2.4,7.9,2617,1,2617.0
518,2021,Charles Bassey,C,53,81.25,230.2,87.0,107.5,8'11.5'',33.0,36.0,12.19,3.13,7993,53,28,851,.590,.652,.305,.759,17.6,11.6,0.7,0.4,3.1,5.4,9.1,167,1,167.0
519,2021,Josh Christopher,SG,24,75.25,214.8,81.25,101.0,8'5.0'',29.5,37.5,11.32,3.14,7668,24,15,446,.432,.496,.305,.800,14.3,4.7,1.4,1.5,0.5,1.1,4.2,1333,1,1333.0
520,2021,Ayo Dosunmu,SG,38,75.5,194.4,82.25,102.0,8'6.0'',27.0,33.5,11.51,3.23,7712,38,28,984,.488,.511,.390,.783,20.1,6.3,5.3,1.1,0.2,5.1,9.5,2110,1,2110.0
521,2021,Kessler Edwards,PF,44,79.0,203.0,83.25,106.0,8'10.0'',28.0,37.0,11.3,3.25,7914,44,27,916,.491,.553,.378,.876,17.2,6.8,1.2,1.0,1.2,3.9,5.6,990,1,990.0
522,2021,Luka Garza,C,52,82.0,242.8,85.5,107.5,8'11.5'',24.0,29.5,11.9,3.51,8782,52,31,975,.553,.581,.440,.709,24.1,8.7,1.7,0.7,1.6,6.9,13.7,388,1,388.0
523,2021,Quentin Grimes,SG,25,76.0,205.0,80.0,101.0,8'5.0'',30.5,38.5,11.09,3.07,7823,25,30,984,.406,.410,.403,.788,17.8,5.7,2.0,1.4,0.3,6.1,10.8,787,1,787.0
524,2021,David Johnson,SG,47,75.25,202.8,82.5,104.0,8'8.0'',33.0,39.0,12.02,3.03,7386,47,19,667,.411,.426,.386,.700,12.6,5.8,3.2,1.1,0.3,1.4,3.1,87,4,21.75
525,2021,David Johnson,SG,47,75.25,202.8,82.5,104.0,8'8.0'',33.0,39.0,12.02,3.03,7386,47,19,667,.411,.426,.386,.700,12.6,5.8,3.2,1.1,0.3,1.4,3.1,2,1,2.0
526,2021,Keon Johnson,SG,21,75.5,184.8,79.25,97.0,8'1.0'',41.5,48.0,11.45,3.0,7035,21,27,688,.449,.492,.271,.703,11.3,3.5,2.5,1.1,0.4,2.1,4.1,695,1,695.0
527,2021,Corey Kispert,SF,15,78.0,223.8,79.0,102.0,8'6.0'',30.0,37.5,10.91,3.12,8123,15,32,1019,.529,.628,.440,.878,18.6,5.0,1.8,0.9,0.4,6.4,11.1,1804,1,1804.0
528,2021,Scottie Lewis,SF,56,76.0,187.6,84.0,101.5,8'5.5'',34.0,42.0,10.45,2.98,7767,56,21,538,.445,.512,.318,.673,7.9,3.1,1.5,1.6,1.0,1.4,5.8,6,1,6.0
529,2021,Sandro Mamukelashvili,C,54,81.0,239.8,85.25,106.5,8'10.5'',30.5,36.5,11.63,3.21,8203,54,27,961,.434,.481,.336,.714,17.5,7.6,3.2,1.1,0.6,3.1,6.2,406,1,406.0
530,2021,Miles McBride,PG,36,73.0,195.2,80.75,99.5,8'3.5'',31.0,38.5,11.08,3.1,7943,36,29,991,.431,.439,.414,.813,15.9,3.9,4.8,1.9,0.3,4.7,9.5,373,1,373.0
531,2021,Jason Preston,PG,33,75.0,180.6,80.5,100.5,8'4.5'',30.5,38.5,10.82,3.13,8280,33,20,691,.514,.576,.390,.596,15.7,7.3,7.3,1.5,0.3,3.2,7.2,0,0,
532,2021,Joshua Primo,SG,12,76.0,189.0,81.25,102.5,8'6.5'',30.5,37.5,10.97,3.22,7319,12,30,674,.431,.500,.381,.750,8.1,3.4,0.8,0.6,0.3,2.1,3.7,965,1,965.0
533,2021,Neemias Queta,C,39,83.25,248.4,88.0,112.5,9'4.5'',27.0,33.0,11.85,3.29,8253,39,29,871,.559,.562,.000,.707,14.9,10.1,2.7,1.1,3.3,5.8,12.2,121,1,121.0
534,2021,Jeremiah Robinson-Earl,PF,32,79.75,242.4,81.75,105.5,8'9.5'',27.0,32.0,11.64,3.29,7998,32,25,862,.497,.574,.280,.714,15.7,8.5,2.2,1.0,0.6,4.1,7.6,1088,1,1088.0
535,2021,Jericho Sims,C,58,81.0,250.2,87.25,106.0,8'10.0'',37.0,44.5,11.59,3.05,8715,58,26,638,.696,.696,0,.520,9.2,7.2,0.7,0.7,1.1,2.9,6.9,557,1,557.0
536,2021,Jaden Springer,SG,28,75.0,202.0,79.75,99.0,8'3.0'',34.5,41.5,11.46,3.13,7230,28,25,648,.467,.475,.435,.810,12.5,3.5,2.9,1.2,0.4,2.9,6.9,6,1,6.0
537,2021,JT Thor,PF,37,80.5,203.0,87.25,110.0,9'2.0'',31.5,35.0,12.19,3.06,7201,37,27,622,.440,.530,.297,.741,9.4,5.0,0.9,0.8,1.4,2.0,4.7,260,1,260.0
538,2021,Joe Wieskamp,SF,41,77.75,204.8,83.0,103.0,8'7.0'',30.0,42.0,10.7,3.04,8293,41,31,907,.491,.518,.462,.677,14.8,6.6,1.7,0.9,0.3,4.1,9.3,205,1,205.0
539,2021,Aaron Wiggins,SG-SF,55,76.5,190.0,81.75,103.0,8'7.0'',29.5,36.0,11.2,3.04,8062,55,31,1023,.446,.514,.356,.772,14.5,5.8,2.5,1.1,0.5,3.7,7.0,1211,1,1211.0
540,2021,Ziaire Williams,SF,10,80.25,188.4,82.25,106.5,8'10.5'',34.0,39.5,10.69,3.12,7582,10,20,558,.374,.427,.291,.796,10.7,4.6,2.2,0.9,0.6,0.6,0.3,1344,1,1344.0
