,Player,Pos,G,MP,FG%,2P%,3P%,FT%,PTS,TRB,AST,STL,BLK,PER,WS,BPM,Year,Pick,Age
0,Keyon Dooling,G,31,983,.389,.424,.347,.743,15.3,2.7,3.6,1.4,0.5,,3.3,,2000,10,20
1,Marcus Fizer,F,37,1243,.582,.600,.357,.732,22.8,7.7,1.1,0.8,1.1,,9.6,,2000,4,21
2,Desmond Mason,F,34,1202,.499,.536,.430,.767,18.0,6.6,1.5,1.2,1.0,,7.5,,2000,17,22
3,Chris Mihm,C,33,1014,.523,.525,.467,.707,17.7,10.5,0.7,0.3,2.7,,7.7,,2000,7,20
4,Eduardo Najera,F,34,1162,.455,.500,.220,.688,18.4,9.2,2.1,1.7,0.7,,6.3,,2000,38,23
5,Jaquay Walls,G,32,985,.441,.474,.388,.754,17.0,3.2,4.5,1.5,0.2,,4.7,,2000,56,22
6,Eric Chenowith,C,33,746,.457,.461,.000,.684,9.5,7.6,0.8,0.3,1.5,,3.1,,2001,42,22
7,Jamaal Tinsley,G,31,999,.399,.406,.381,.692,14.3,3.8,6.0,2.5,0.6,,4.0,,2001,27,23
8,Drew Gooden,F,37,1119,.504,.519,.278,.755,19.8,11.4,2.0,1.8,1.4,,6.6,,2002,4,20
9,Chris Owens,F,11,299,.500,.518,.300,.627,15.8,7.4,0.8,0.7,1.9,,1.6,,2002,47,23
10,Kareem Rush,F,36,1149,.426,.444,.405,.769,19.8,5.2,2.5,1.1,0.6,,4.7,,2002,20,21
11,Nick Collison,F,38,1232,.554,.571,.342,.635,18.5,10.0,2.2,1.2,1.9,,9.1,,2003,12,22
12,T.J. Ford,G,33,1110,.401,.429,.265,.820,15.0,3.9,7.7,2.0,0.2,,4.3,,2003,8,20
13,Kirk Hinrich,G,37,1241,.475,.532,.406,.704,17.3,3.8,3.5,1.9,0.4,,6.3,,2003,7,22
14,Tony Allen,G,35,1107,.504,.550,.297,.675,16.0,5.5,3.1,2.1,0.9,,6.3,,2004,25,22
15,Andre Emmett,G,34,1259,.526,.543,.356,.730,20.6,6.6,1.8,1.3,0.3,,6.3,,2004,35,21
16,David Harrison,C,29,916,.631,.633,.000,.539,17.1,8.8,0.9,0.6,2.9,,5.4,,2004,29,21
17,Royal Ivey,G,33,979,.448,.456,.387,.626,9.4,4.0,4.3,1.2,0.2,,3.3,,2004,37,22
18,Jackson Vroman,F,32,983,.564,.573,.143,.507,13.9,9.6,2.3,1.4,0.7,,4.1,,2004,31,23
19,Joey Graham,F,33,1009,.529,.538,.473,.887,17.7,6.2,2.0,0.9,0.2,,5.8,,2005,16,23
20,Linas Kleiza,F,33,1038,.403,.453,.274,.732,16.1,7.6,1.6,0.6,0.3,,3.0,,2005,27,20
21,Wayne Simien,F,26,892,.552,.563,.286,.816,20.3,11.0,1.4,0.6,0.6,,5.7,,2005,29,22
22,Antoine Wright,F,31,1052,.501,.540,.447,.691,17.8,6.0,2.2,1.2,0.7,,5.9,,2005,15,21
23,LaMarcus Aldridge,F,37,1247,.569,.569,0,.646,15.0,9.2,0.5,1.4,2.0,,8.7,,2006,2,20
24,Will Blalock,G,30,1072,.447,.468,.398,.659,15.4,3.3,6.1,2.2,0.1,,2.9,,2006,60,22
25,Daniel Gibson,G,37,1228,.405,.456,.380,.726,13.4,3.6,3.1,1.3,0.3,,5.0,,2006,42,20
26,P.J. Tucker,F,37,1276,.515,.514,.667,.747,16.1,9.5,2.9,1.8,0.4,,7.3,,2006,35,21
27,JamesOn Curry,G,35,1295,.452,.489,.411,.793,17.3,3.2,3.7,1.2,0.3,,4.6,,2007,51,21
28,Kevin Durant,F,35,1255,.473,.505,.404,.816,25.8,11.1,1.3,1.9,1.9,,8.8,,2007,2,18
29,Acie Law,G,34,1153,.500,.510,.458,.778,18.1,3.3,5.0,1.1,0.0,,5.9,,2007,11,22
30,Julian Wright,F,38,1048,.549,.562,.231,.613,12.0,7.8,2.2,1.4,1.3,,6.6,,2007,13,20
31,Ryan Anderson,G,33,980,.422,.500,.368,.800,8.4,5.3,1.7,1.4,0.0,,3.1,,2008,21,20
32,Darrell Arthur,F,40,989,.543,.555,.167,.702,12.8,6.3,0.8,0.5,1.3,,5.8,,2008,27,20
33,D.J. Augustin,G,38,1417,.439,.471,.381,.783,19.2,2.9,5.8,1.2,0.0,,6.0,,2008,9,20
34,Michael Beasley,F,33,1041,.532,.562,.379,.774,26.2,12.4,1.2,1.3,1.6,,10.7,,2008,2,19
35,Mario Chalmers,G,39,1170,.516,.562,.468,.746,12.8,3.1,4.3,2.5,0.6,,7.5,,2008,34,22
36,Darnell Jackson,F,40,971,.626,.633,.333,.691,11.2,6.7,1.1,0.8,0.5,,6.3,,2008,52,22
37,DeAndre Jordan,C,35,703,.617,.617,0,.437,7.9,6.0,0.4,0.2,1.3,,4.4,,2008,35,19
38,Sasha Kaun,C,40,707,.619,.619,0,.541,7.1,3.9,0.3,0.4,1.2,,4.3,,2008,56,23
39,Brandon Rush,G,38,1127,.435,.448,.419,.779,13.3,5.1,2.1,0.8,0.8,,5.1,,2008,13,22
40,Henry Walker,F,31,846,.465,.531,.307,.737,16.1,6.3,1.9,0.9,0.5,,4.4,,2008,47,20
41,DeMarre Carroll,F,38,1064,.558,.579,.364,.634,16.6,7.2,2.2,1.6,0.7,,7.2,,2009,27,22
42,Chinemelu Elonu,C,34,810,.665,.665,0,.628,9.8,7.3,0.3,0.3,1.6,,5.1,,2009,59,22
43,Blake Griffin,F,35,1165,.654,.659,.375,.590,22.7,14.4,2.3,1.1,1.2,,9.7,,2009,1,20
44,Taylor Griffin,F,36,1081,.536,.548,.357,.700,9.6,5.8,1.3,1.3,1.0,,4.3,,2009,48,23
45,Cole Aldrich,C,36,963,.562,.562,0,.679,11.3,9.8,0.9,0.8,3.5,27.9,5.9,,2010,11,21
46,James Anderson,G,33,1124,.457,.549,.341,.810,22.3,5.8,2.4,1.4,0.6,29.2,6.9,,2010,20,21
47,James Anderson,F,29,106,.480,.480,0,.667,1.2,1.0,0.1,0.1,0.2,14.2,0.5,,2010,20,21
48,Craig Brackins,F,32,1124,.420,.446,.310,.760,16.5,8.5,2.2,0.8,1.2,20.2,4.0,,2010,21,22
49,Avery Bradley,G,34,1003,.432,.457,.375,.545,11.6,2.9,2.1,1.3,0.5,14.9,3.2,,2010,19,19
50,Tiny Gallon,F,30,720,.547,.573,.235,.697,10.3,7.9,0.8,0.7,0.8,21.4,2.2,,2010,47,19
51,Xavier Henry,G,36,990,.458,.492,.418,.783,13.4,4.4,1.5,1.5,0.5,21.5,4.9,,2010,12,19
52,Damion James,F,34,1029,.501,.535,.383,.674,18.0,10.3,1.0,1.7,1.2,28.8,6.5,,2010,24,22
53,Dexter Pittman,C,34,648,.654,.654,0,.556,10.4,5.9,0.5,0.4,1.9,27.6,3.4,,2010,32,22
54,Ekpe Udoh,C,36,1264,.490,.505,.269,.685,13.9,9.8,2.7,0.8,3.7,24.9,6.1,,2010,6,23
55,Willie Warren,G,21,678,.438,.524,.309,.795,16.3,3.3,4.1,1.0,0.0,19.0,1.7,,2010,54,20
56,Alec Burks,G,38,1193,.469,.508,.292,.825,20.5,6.5,2.9,1.1,0.3,29.4,6.6,8.1,2011,12,19
57,Jordan Hamilton,G,36,1159,.440,.481,.385,.779,18.6,7.7,2.1,0.9,0.6,25.6,6.7,11.4,2011,26,20
58,Jordan Hamilton,F,26,420,.471,.586,.318,.750,5.0,1.9,0.4,0.3,0.5,11.6,0.9,-2.7,2011,26,20
59,Cory Joseph,G,36,1166,.422,.429,.413,.699,10.4,3.6,3.0,1.0,0.3,15.1,4.4,6.5,2011,29,19
60,Marcus Morris,F,38,1076,.570,.620,.342,.688,17.2,7.6,1.6,0.8,0.6,29.3,7.2,10.9,2011,14,21
61,Markieff Morris,C,38,926,.589,.625,.424,.673,13.6,8.3,1.4,0.8,1.1,29.1,6.0,10.3,2011,13,21
62,Josh Selby,G,26,530,.373,.384,.362,.757,7.9,2.2,2.2,0.8,0.0,11.9,1.3,2.4,2011,49,20
63,Tristan Thompson,F,36,1104,.546,.546,0,.487,13.1,7.8,1.3,0.9,2.4,24.2,5.5,8.9,2011,4,20
64,Tristan Thompson,G,33,1056,.459,.495,.418,.834,18.0,3.2,1.8,0.7,0.1,22.9,5.0,3.3,2011,4,20
65,Quincy Acy,F,38,1130,.577,.576,.600,.782,12.0,7.4,1.0,0.9,1.8,23.5,5.6,6.9,2012,37,21
66,Marcus Denmon,G,35,1212,.460,.526,.407,.896,17.7,5.0,2.1,1.5,0.0,25.6,6.7,10.0,2012,59,22
67,Kim English,G,35,1175,.521,.589,.459,.725,14.5,4.2,1.6,1.3,0.3,20.6,5.0,7.1,2012,44,23
68,Perry Jones,F,33,1013,.500,.520,.303,.696,13.5,7.6,1.3,0.8,0.6,21.2,4.2,5.2,2012,28,20
69,Khris Middleton,F,20,575,.415,.485,.260,.750,13.2,5.0,2.3,1.0,0.3,18.9,1.6,6.2,2012,39,20
70,Quincy Miller,F,37,903,.447,.475,.348,.816,10.6,4.9,1.4,0.7,0.6,19.4,3.5,5.3,2012,38,19
71,Thomas Robinson,F,39,1242,.505,.505,.500,.682,17.7,11.9,1.8,1.1,0.9,27.4,7.2,8.8,2012,5,21
72,Tyshawn Taylor,G,39,1303,.477,.522,.382,.688,16.6,2.3,4.8,1.3,0.2,19.8,5.2,7.2,2012,41,22
73,Royce White,F,34,1072,.534,.541,.333,.498,13.4,9.3,5.0,1.2,0.9,22.8,4.1,8.2,2012,16,21
74,Pierre Jackson,G,36,1252,.427,.490,.359,.800,19.8,3.8,7.1,1.5,0.0,26.0,7.0,10.5,2013,42,21
75,Ben McLemore,G,37,1191,.495,.553,.420,.870,15.9,5.2,2.0,1.0,0.7,23.2,6.5,10.5,2013,7,20
76,Romero Osby,F,32,912,.526,.525,.529,.794,16.0,7.0,1.3,0.6,0.8,28.9,5.6,10.0,2013,51,23
77,Jeff Withey,C,37,1144,.582,.580,1.000,.714,13.7,8.5,0.9,0.8,3.9,27.2,6.6,11.5,2013,39,23
78,Markel Brown,G,34,1201,.473,.525,.379,.768,17.2,5.3,2.9,1.0,1.0,22.0,5.7,8.9,2014,44,22
79,Joel Embiid,C,28,647,.626,.639,.200,.685,11.2,8.1,1.4,0.9,2.6,28.2,3.4,11.9,2014,3,20
80,Cory Jefferson,F,38,1103,.500,.515,.368,.640,13.7,8.2,1.0,0.4,1.3,23.8,4.9,6.3,2014,60,23
81,Marcus Smart,G,31,1014,.422,.514,.299,.728,18.0,5.9,4.8,2.9,0.6,26.9,5.6,12.0,2014,6,20
82,Andrew Wiggins,G,35,1148,.448,.493,.341,.775,17.1,5.9,1.5,1.2,1.0,21.4,4.9,8.3,2014,1,19
83,Myles Turner,F,34,755,.455,.513,.274,.839,10.1,6.5,0.6,0.3,2.6,25.5,4.0,9.3,2015,11,19
84,Isaiah Cousins,G,37,1232,.406,.403,.411,.670,12.6,4.5,4.5,1.4,0.3,15.9,3.8,5.4,2016,59,22
85,Cheick Diallo,F,27,202,.569,.569,0,.556,3.0,2.5,0.0,0.3,0.9,20.5,0.8,3.7,2016,33,19
86,Buddy Hield,G,37,1309,.501,.552,.457,.880,25.0,5.7,2.0,1.1,0.5,28.2,7.6,12.8,2016,6,23
87,Abdel Nader,F,35,1088,.478,.553,.371,.736,12.9,5.0,1.5,1.1,0.7,15.8,2.8,3.5,2016,58,22
88,Georges Niang,F,35,1162,.546,.605,.392,.807,20.5,6.2,3.3,0.9,0.6,25.9,5.6,8.7,2016,50,23
89,Taurean Prince,F,34,1040,.432,.469,.361,.774,15.9,6.1,2.3,1.3,0.7,20.8,3.8,6.6,2016,12,22
90,Jarrett Allen,F,33,1061,.566,.579,.000,.564,13.4,8.4,0.8,0.6,1.5,20.3,3.3,5.2,2017,22,19
91,Jawun Evans,G,32,936,.438,.452,.379,.812,19.2,3.4,6.4,1.8,0.1,27.3,4.8,9.2,2017,39,20
92,Wesley Iwundu,F,35,1098,.481,.520,.376,.767,13.0,6.3,3.5,1.0,0.3,20.1,4.4,7.5,2017,33,22
93,Josh Jackson,G,35,1077,.513,.549,.378,.566,16.3,7.4,3.0,1.7,1.1,24.2,4.9,9.9,2017,4,20
94,Frank Mason,G,36,1301,.490,.500,.471,.794,20.9,4.2,5.2,1.3,0.1,25.5,7.5,11.3,2017,34,23
95,Monte Morris,G,35,1237,.465,.503,.378,.802,16.4,4.8,6.2,1.5,0.3,24.7,6.5,10.5,2017,51,21
96,Mohamed Bamba,F,30,906,.541,.603,.275,.681,12.9,10.5,0.5,0.8,3.7,28.3,4.8,10.9,2018,6,20
97,Jevon Carter,G,37,1313,.422,.441,.393,.858,17.3,4.6,6.6,3.0,0.4,24.9,7.0,12.0,2018,32,22
98,Devonte' Graham,G,39,1474,.400,.392,.406,.827,17.3,4.0,7.2,1.6,0.1,21.2,6.7,8.6,2018,34,23
99,Zhaire Smith,G,37,1051,.556,.574,.450,.717,11.3,5.0,1.8,1.1,1.1,23.0,5.6,10.8,2018,16,19
100,Trae Young,G,32,1133,.422,.493,.360,.861,27.4,3.9,8.7,1.7,0.3,28.3,5.7,11.1,2018,5,19
101,Jarrett Culver,G,38,1234,.461,.526,.304,.707,18.5,6.4,3.7,1.5,0.6,25.1,6.8,11.6,2019,6,20
102,Jaxson Hayes,F,32,747,.728,.728,0,.740,10.0,5.0,0.3,0.6,2.2,27.0,4.3,10.1,2019,8,19
103,Talen Horton-Tucker,G,35,952,.406,.475,.308,.625,11.8,4.9,2.3,1.3,0.7,17.2,2.7,4.2,2019,46,18
104,Marial Shayok,G,34,1118,.496,.568,.386,.878,18.7,4.9,2.0,0.9,0.2,22.5,4.7,6.4,2019,54,23
105,Udoka Azubuike,C,31,859,.748,.748,0,.441,13.7,10.5,0.9,0.5,2.6,31.3,5.5,12.4,2020,27,21
106,Desmond Bane,G,32,1152,.452,.461,.442,.789,16.6,6.3,3.9,1.5,0.5,22.6,5.3,9.8,2020,30,22
107,Tyrese Haliburton,G,22,807,.504,.592,.419,.822,15.2,5.9,6.5,2.5,0.7,25.9,3.8,11.7,2020,12,20
108,Jahmi'us Ramsey,G,27,842,.442,.454,.426,.641,15.0,4.0,2.2,1.3,0.7,19.1,3.3,6.7,2020,43,19
109,Jared Butler,G,30,910,.471,.524,.416,.780,16.7,3.3,4.8,2.0,0.4,25.0,5.4,11.7,2021,40,20
110,Cade Cunningham,G,27,956,.438,.461,.400,.846,20.1,6.2,3.5,1.6,0.8,21.6,4.0,8.3,2021,1,19
111,Kai Jones,F,26,594,.580,.642,.382,.689,8.8,4.8,0.6,0.8,0.9,20.7,2.7,7.5,2021,19,20
112,Miles McBride,G,29,991,.431,.439,.414,.813,15.9,3.9,4.8,1.9,0.3,22.8,4.7,9.5,2021,36,20
113,Davion Mitchell,G,30,991,.511,.565,.447,.641,14.0,2.7,5.5,1.9,0.4,21.8,5.3,10.1,2021,9,22
114,Jericho Sims,F,26,638,.696,.696,0,.520,9.2,7.2,0.7,0.7,1.1,21.7,2.9,6.9,2021,58,22
115,Donnell Harvey,C,37,746,.507,.509,.000,.610,10.1,7.0,1.0,0.7,0.8,,4.0,,2000,22,19
116,Dan Langhi,F,30,1033,.477,.511,.403,.871,22.1,6.0,0.8,0.4,0.3,,5.3,,2000,31,22
117,Jamaal Magloire,C,33,978,.500,.500,0,.685,13.2,9.1,0.5,0.5,1.7,,5.6,,2000,19,22
118,Mike Miller,F,37,1058,.476,.559,.338,.729,14.1,6.6,2.5,1.2,0.4,,5.4,,2000,5,20
119,Mamadou N'Diaye,C,34,903,.535,.535,0,.665,8.9,7.9,0.5,0.8,1.9,,7.3,,2000,26,25
120,Chris Porter,F,26,755,.464,.477,.235,.676,14.6,7.3,1.2,2.0,0.3,,4.1,,2000,55,22
121,Jabari Smith,C,34,969,.553,.579,.371,.595,12.5,7.0,2.2,0.7,1.0,,5.2,,2000,45,23
122,Stromile Swift,F,34,1013,.608,.634,.280,.617,16.2,8.2,0.9,1.5,2.8,,8.5,,2000,2,20
123,Jamison Brewer,G,32,1035,.469,.534,.227,.529,8.4,7.2,5.8,1.5,0.1,,2.9,,2001,40,20
124,Joe Johnson,F,30,873,.468,.476,.443,.747,14.2,6.4,2.6,1.4,0.4,,4.1,,2001,10,19
125,Gerald Wallace,,36,824,.438,.511,.175,.568,9.8,6.0,1.5,1.2,1.0,,3.5,,2001,25,18
126,Rod Grizzard,G,35,1078,.423,.508,.278,.772,14.1,6.1,1.8,1.1,0.7,,4.7,,2002,38,22
127,Marcus Haislip,F,25,839,.518,.551,.326,.721,16.7,6.7,1.0,0.4,1.8,,3.5,,2002,13,21
128,Tayshaun Prince,F,32,1067,.467,.564,.340,.703,17.5,6.3,1.6,1.1,1.3,,5.7,,2002,23,22
129,Vincent Yarbrough,F,31,1097,.425,.462,.359,.687,18.1,7.5,2.8,1.9,0.8,,3.6,,2002,32,21
130,Mario Austin,F,25,823,.534,.539,.417,.664,15.5,7.7,1.2,1.1,0.7,,4.4,,2003,36,21
131,Keith Bogans,G,36,1068,.456,.528,.383,.738,15.7,3.8,2.7,1.2,0.1,,5.0,,2003,43,23
132,Matt Bonner,F,33,1037,.510,.531,.474,.733,15.2,6.1,1.5,1.1,0.6,,5.5,,2003,45,23
133,Jarvis Hayes,F,27,872,.503,.544,.425,.784,18.3,4.4,2.0,1.1,0.4,,4.0,,2003,10,21
134,Mo Williams,G,29,1038,.431,.539,.317,.838,16.4,3.9,3.9,1.2,0.2,,4.1,,2003,47,20
135,Derrick Zimmerman,G,31,1024,.476,.538,.288,.649,8.9,4.2,5.5,1.9,0.8,,4.5,,2003,40,21
136,Christian Drejer,G,20,589,.468,.510,.393,.750,10.2,4.8,4.0,1.0,0.3,,1.7,,2004,51,21
137,Matt Freije,F,33,985,.415,.452,.356,.788,18.4,5.4,0.9,0.7,0.6,,4.6,,2004,53,22
138,Justin Reed,F,28,939,.464,.501,.237,.731,18.5,7.5,1.5,0.7,0.8,,3.4,,2004,40,22
139,Rashad Wright,G,29,1077,.424,.456,.396,.683,14.4,2.9,3.0,1.8,0.4,,3.4,,2004,59,22
140,Brandon Bass,F,30,1007,.567,.577,.462,.777,17.3,9.1,0.8,0.8,1.6,,5.5,,2005,33,20
141,David Lee,F,32,897,.525,.532,.000,.714,13.6,9.0,2.2,1.1,0.8,,5.0,,2005,30,22
142,David Lee,G,26,824,.434,.494,.351,.737,12.5,3.8,2.4,1.3,0.2,,1.6,,2005,30,22
143,Lawrence Roberts,F,32,1023,.448,.466,.293,.653,16.9,11.0,1.9,1.6,0.8,,5.4,,2005,55,22
144,Renaldo Balkman,F,38,978,.608,.624,.308,.538,9.6,6.3,1.9,1.7,1.3,,5.6,,2006,20,21
145,Ronnie Brewer,G,32,1112,.441,.493,.338,.750,18.4,4.8,3.3,2.6,0.5,,5.3,,2006,14,21
146,Rajon Rondo,G,34,1054,.482,.540,.273,.571,11.2,6.1,4.9,2.0,0.1,,4.0,,2006,21,20
147,Tyrus Thomas,F,32,829,.608,.606,1.000,.657,12.3,9.2,1.3,1.0,3.1,,7.3,,2006,4,19
148,Corey Brewer,F,37,1053,.475,.544,.336,.723,13.2,4.7,2.9,1.9,0.4,,5.1,,2007,7,21
149,Derrick Byars,G,34,1068,.457,.531,.373,.711,17.0,4.9,3.4,1.4,0.1,,4.2,,2007,42,23
150,Jermareo Davidson,F,30,968,.407,.414,.250,.775,14.0,8.2,1.5,0.8,2.3,,2.7,,2007,36,22
151,Glen Davis,F,29,1016,.484,.505,.347,.713,17.7,10.4,2.3,1.1,1.0,,5.3,,2007,35,21
152,Taurean Green,G,40,1328,.444,.497,.406,.849,13.3,2.4,3.7,1.1,0.0,,5.3,,2007,52,20
153,Al Horford,F,38,1057,.608,.612,.000,.644,13.2,9.5,2.2,0.7,1.8,,7.5,,2007,3,21
154,Joakim Noah,C,40,1034,.607,.606,1.000,.663,12.0,8.4,2.3,1.1,1.8,,7.7,,2007,9,22
155,Chris Richard,C,40,735,.690,.690,0,.627,6.2,3.7,0.4,0.3,0.3,,3.4,,2007,41,22
156,Joe Crawford,G,30,1009,.469,.548,.364,.762,17.9,3.6,2.1,0.6,0.2,,3.7,,2008,58,22
157,Shan Foster,G,34,1147,.523,.610,.469,.760,20.3,4.9,1.6,1.1,0.2,,6.5,,2008,51,21
158,Richard Hendrix,F,32,980,.598,.604,.286,.537,17.8,10.1,1.6,1.3,1.9,,6.1,,2008,49,21
159,Anthony Randolph,F,31,1016,.464,.483,.105,.693,15.6,8.5,1.2,1.1,2.3,,3.5,,2008,14,18
160,Marreese Speights,C,36,874,.624,.624,0,.692,14.5,8.1,0.9,0.4,1.4,,6.8,,2008,16,20
161,Sonny Weems,F,34,1067,.464,.513,.370,.803,15.0,4.5,2.6,1.3,0.2,,3.8,,2008,39,21
162,Nick Calathes,G,36,1200,.482,.555,.390,.707,17.2,5.3,6.4,1.9,0.2,,6.4,,2009,45,20
163,Jodie Meeks,G,36,1237,.463,.521,.406,.902,23.7,3.4,1.8,1.3,0.1,,7.4,,2009,41,21
164,Marcus Thornton,G,35,1116,.472,.522,.388,.745,21.1,5.5,2.1,1.6,0.4,,6.6,,2009,43,22
165,Eric Bledsoe,G,37,1122,.462,.516,.383,.667,11.3,3.1,2.9,1.4,0.3,14.5,3.5,,2010,18,20
166,DeMarcus Cousins,F,38,893,.558,.565,.167,.604,15.1,9.8,1.0,1.0,1.8,34.2,6.5,,2010,5,19
167,Daniel Orton,F,38,502,.527,.539,.000,.524,3.4,3.3,0.4,0.6,1.4,15.5,1.7,,2010,29,19
168,Patrick Patterson,F,38,1255,.575,.626,.348,.692,14.3,7.4,0.9,0.7,1.3,23.8,7.0,,2010,14,21
169,Jarvis Varnado,F,36,1141,.582,.582,0,.610,13.8,10.3,0.9,0.7,4.7,28.4,6.3,,2010,41,22
170,John Wall,G,37,1288,.461,.509,.325,.754,16.6,4.3,6.5,1.8,0.5,22.3,6.3,,2010,1,19
171,Terrico White,G,35,1103,.430,.489,.341,.714,15.1,4.6,1.5,0.9,0.2,19.1,4.1,,2010,36,20
172,Josh Harrellson,F,38,1083,.611,.631,.200,.589,7.6,8.7,0.8,0.9,1.5,22.3,5.5,8.7,2011,45,22
173,Tobias Harris,F,34,993,.460,.497,.303,.753,15.3,7.3,1.3,0.7,0.9,23.8,4.4,7.3,2011,19,18
174,Brandon Knight,G,38,1363,.423,.461,.377,.795,17.3,4.0,4.2,0.7,0.2,19.3,5.3,5.5,2011,8,19
175,Travis Leslie,G,33,1062,.492,.517,.302,.801,14.4,7.2,2.9,1.2,0.6,24.9,5.2,8.9,2011,47,21
176,DeAndre Liggins,G,38,1201,.424,.442,.391,.648,8.6,4.0,2.5,1.2,0.7,14.5,3.9,5.9,2011,53,23
177,Vernon Macklin,F,37,905,.593,.593,0,.451,11.6,5.4,0.8,0.4,0.7,22.2,3.6,4.5,2011,52,24
178,Chandler Parsons,F,36,1229,.480,.544,.368,.557,11.3,7.8,3.8,0.9,0.4,19.7,5.0,8.3,2011,38,22
179,Trey Thompkins,F,30,937,.481,.520,.311,.689,16.4,7.6,1.4,1.1,1.7,24.2,3.8,6.8,2011,37,21
180,Bradley Beal,G,37,1267,.445,.541,.339,.769,14.8,6.7,2.2,1.4,0.8,22.0,5.7,8.4,2012,3,19
181,Anthony Davis,F,40,1281,.623,.653,.150,.709,14.2,10.4,1.3,1.4,4.7,35.1,9.9,17.2,2012,1,19
182,Festus Ezeli,C,26,603,.539,.539,0,.604,10.1,5.9,0.3,0.4,2.0,21.0,2.1,3.7,2012,30,22
183,Justin Hamilton,C,33,990,.494,.503,.250,.781,12.9,7.2,0.9,0.8,1.3,22.7,4.3,5.9,2012,45,22
184,John Jenkins,G,35,1177,.474,.542,.439,.837,19.9,2.9,1.2,0.8,0.3,26.0,6.5,11.8,2012,23,21
185,Terrence Jones,F,38,1115,.500,.528,.327,.627,12.3,7.2,1.3,1.3,1.8,24.3,5.8,10.2,2012,18,20
186,Michael Kidd-Gilchrist,F,40,1245,.491,.535,.255,.745,11.9,7.4,1.9,1.0,0.9,21.2,6.0,7.7,2012,2,18
187,Doron Lamb,G,40,1249,.474,.481,.466,.826,13.7,2.7,1.5,0.5,0.1,19.2,6.2,7.3,2012,42,20
188,Darius Miller,G,40,1043,.474,.569,.376,.797,9.9,2.8,2.1,0.8,0.3,18.1,4.5,7.5,2012,46,22
189,Arnett Moultrie,F,30,1073,.549,.555,.444,.780,16.4,10.5,1.2,0.8,0.8,25.2,5.0,5.2,2012,27,21
190,Jeffery Taylor,F,36,1157,.493,.533,.423,.605,16.1,5.6,1.7,1.3,0.4,23.7,5.2,8.0,2012,31,23
191,Marquis Teague,G,40,1303,.412,.438,.325,.714,10.0,2.5,4.8,0.9,0.3,13.2,3.5,2.3,2012,29,19
192,Kentavious Caldwell-Pope,G,32,1086,.433,.498,.373,.799,18.5,7.1,1.8,2.0,0.5,27.7,6.2,12.5,2013,8,20
193,Archie Goodwin,G,33,1048,.440,.478,.266,.637,14.1,4.6,2.7,1.1,0.5,16.9,3.1,2.1,2013,29,18
194,Erik Murphy,F,36,952,.516,.579,.453,.784,12.2,5.5,1.4,0.6,0.7,24.4,6.0,11.6,2013,49,22
195,Nerlens Noel,F,24,765,.590,.590,0,.529,10.5,9.5,1.6,2.1,4.4,27.3,3.9,12.1,2013,6,19
196,Alex Oriakhi,F,34,878,.639,.639,0,.746,11.2,8.4,0.4,0.6,1.6,27.2,5.1,8.4,2013,57,23
197,Jordan Clarkson,G,35,1228,.448,.501,.281,.831,17.5,3.8,3.4,1.1,0.2,20.2,4.4,4.3,2014,46,22
198,Jordan McRae,G,37,1190,.436,.502,.351,.788,18.7,3.5,2.5,0.7,1.0,24.0,6.2,10.5,2014,58,23
199,Johnny O'Bryant,F,34,1020,.494,.495,.333,.634,15.4,7.7,1.6,0.5,0.9,18.7,2.7,1.3,2014,36,21
200,Julius Randle,F,40,1233,.501,.517,.167,.706,15.0,10.4,1.4,0.5,0.8,24.5,5.9,7.5,2014,7,19
201,Jarnell Stokes,F,37,1199,.531,.531,0,.696,15.1,10.6,2.0,0.7,0.9,27.6,6.8,9.5,2014,35,20
202,James Young,G,40,1296,.407,.470,.349,.706,14.3,4.3,1.7,0.8,0.2,16.6,4.7,6.1,2014,17,18
203,Devin Booker,G,38,816,.470,.527,.411,.828,10.0,2.0,1.1,0.4,0.1,19.4,4.5,9.4,2015,13,18
204,Willie Cauley-Stein,F,39,1012,.572,.572,0,.617,8.9,6.4,1.0,1.2,1.7,23.8,6.0,12.6,2015,6,21
205,Andrew Harrison,G,39,994,.378,.376,.383,.792,9.3,2.2,3.6,1.0,0.2,18.0,5.1,8.4,2015,44,20
206,Dakari Johnson,C,39,635,.506,.506,0,.625,6.4,4.6,0.7,0.4,0.9,22.3,3.6,8.2,2015,48,19
207,Trey Lyles,F,36,828,.488,.536,.138,.735,8.7,5.2,1.1,0.5,0.4,19.8,4.4,8.0,2015,12,19
208,Jarell Martin,F,33,1159,.509,.545,.269,.690,16.9,9.2,1.8,1.2,0.7,21.6,5.1,4.7,2015,25,21
209,Jordan Mickey,F,31,1081,.504,.514,.111,.646,15.4,9.9,1.3,0.9,3.6,21.7,3.9,4.8,2015,33,20
210,Bobby Portis,F,36,1076,.536,.541,.467,.737,17.5,8.9,1.2,1.1,1.4,29.5,6.1,8.9,2015,22,20
211,Josh Richardson,G,32,1162,.461,.509,.359,.798,16.0,4.5,3.6,2.1,0.5,22.9,4.6,8.3,2015,40,21
212,Marcus Thornton,F,31,905,.480,.502,.300,.691,12.3,7.3,1.0,0.7,1.1,20.8,3.8,5.5,2015,45,22
213,Marcus Thornton,G,33,1210,.456,.518,.402,.830,20.0,2.8,2.9,0.6,0.1,21.8,4.7,1.3,2015,45,22
214,Karl-Anthony Towns,F,39,822,.566,.577,.250,.813,10.3,6.7,1.1,0.5,2.3,31.4,6.4,14.3,2015,1,19
215,Damian Jones,C,33,866,.590,.595,.000,.536,13.9,6.9,1.2,0.2,1.6,23.3,3.8,6.2,2016,30,20
216,Skal Labissiere,F,36,567,.516,.521,.000,.661,6.6,3.1,0.3,0.3,1.6,18.6,2.0,2.6,2016,28,20
217,Jamal Murray,G,36,1267,.454,.502,.408,.783,20.0,5.2,2.2,1.0,0.3,22.7,6.1,9.5,2016,7,19
218,Ben Simmons,F,33,1151,.560,.561,.333,.670,19.2,11.8,4.8,2.0,0.8,29.0,6.0,10.3,2016,1,19
219,Tyler Ulis,G,35,1288,.434,.486,.344,.856,17.3,3.0,7.0,1.5,0.1,24.0,7.1,10.3,2016,34,20
220,Bam Adebayo,F,38,1145,.599,.599,0,.653,13.0,8.0,0.8,0.7,1.5,22.0,5.6,8.2,2017,14,19
221,De'Aaron Fox,G,36,1064,.479,.521,.246,.736,16.7,4.0,4.6,1.5,0.2,22.7,5.1,8.2,2017,5,19
222,Malik Monk,G,38,1218,.450,.497,.397,.822,19.8,2.5,2.3,0.9,0.5,21.5,5.8,9.0,2017,11,19
223,Sindarius Thornwell,G,31,1051,.444,.471,.392,.830,21.4,7.1,2.8,2.1,1.0,30.3,7.2,17.1,2017,48,22
224,Hamidou Diallo,G,37,918,.428,.458,.338,.616,10.0,3.6,1.2,0.8,0.4,13.8,2.4,2.9,2018,45,19
225,Shai Gilgeous-Alexander,G,37,1248,.485,.500,.404,.817,14.4,4.1,5.1,1.6,0.5,21.2,5.2,9.0,2018,11,19
226,Kevin Knox,F,37,1198,.445,.509,.341,.774,15.6,5.4,1.4,0.8,0.3,17.0,4.0,5.1,2018,9,18
227,Collin Sexton,G,33,987,.447,.495,.336,.778,19.2,3.8,3.6,0.8,0.1,23.5,4.4,6.9,2018,8,19
228,Jarred Vanderbilt,F,14,238,.426,.433,.000,.632,5.9,7.9,1.0,0.4,0.8,21.6,1.0,6.4,2018,41,19
229,Robert Williams,F,30,769,.632,.668,.000,.471,10.4,9.2,1.4,0.8,2.6,25.5,3.5,10.6,2018,27,20
230,Jordan Bone,G,37,1219,.465,.525,.355,.835,13.5,3.2,5.8,0.7,0.1,18.9,4.8,6.0,2019,57,21
231,Nicolas Claxton,F,32,1011,.460,.509,.281,.641,13.0,8.6,1.8,1.1,2.5,21.2,3.5,5.5,2019,31,20
232,Daniel Gafford,F,32,919,.660,.660,0,.591,16.9,8.7,0.7,0.9,2.0,28.7,4.6,8.3,2019,38,20
233,Darius Garland,G,5,139,.537,.581,.478,.750,16.2,3.8,2.6,0.8,0.4,23.6,0.5,4.9,2019,5,19
234,Tyler Herro,G,37,1207,.462,.538,.355,.935,14.0,4.5,2.5,1.1,0.3,19.4,5.4,8.9,2019,13,19
235,Keldon Johnson,G,37,1137,.461,.498,.381,.703,13.5,5.9,1.6,0.8,0.2,18.5,4.9,6.7,2019,29,19
236,Chuma Okeke,F,38,1105,.496,.574,.387,.722,12.0,6.8,1.9,1.8,1.2,24.5,5.5,11.1,2019,16,20
237,Admiral Schofield,G,37,1175,.474,.505,.418,.698,16.5,6.1,2.0,0.9,0.5,20.1,4.6,6.3,2019,42,22
238,Tremont Waters,G,33,1070,.430,.507,.327,.813,15.3,2.8,5.8,2.9,0.1,21.8,4.2,8.9,2019,51,21
239,Quinndary Weatherspoon,G,34,1157,.508,.564,.396,.809,18.5,4.7,2.8,1.7,0.3,24.0,5.4,8.1,2019,49,22
240,Grant Williams,F,37,1181,.564,.593,.326,.819,18.8,7.5,3.2,1.1,1.5,30.6,7.9,12.7,2019,22,20
241,Anthony Edwards,G,32,1057,.402,.504,.294,.772,19.1,5.2,2.8,1.3,0.6,20.8,3.6,5.5,2020,1,19
242,Jalen Harris,G,32,777,.374,.500,.279,.745,4.2,2.1,2.4,0.9,0.3,8.0,1.4,0.7,2020,59,22
243,Jalen Harris,G,30,991,.446,.495,.362,.823,21.7,6.5,3.9,1.1,0.1,26.4,5.0,7.6,2020,59,22
244,Isaiah Joe,G,26,939,.367,.447,.342,.890,16.9,4.1,1.7,1.4,0.3,17.5,3.2,5.3,2020,49,21
245,Saben Lee,G,32,1052,.483,.549,.322,.752,18.6,3.5,4.2,1.5,0.3,24.3,4.0,5.3,2020,38,21
246,Tyrese Maxey,G,31,1069,.427,.492,.292,.833,14.0,4.3,3.2,0.9,0.4,16.3,3.6,4.4,2020,21,20
247,Skylar Mays,G,31,1067,.491,.548,.394,.854,16.7,5.0,3.2,1.8,0.2,23.7,5.1,8.3,2020,50,23
248,Aaron Nesmith,F,14,500,.512,.500,.522,.825,23.0,4.9,0.9,1.4,0.9,29.0,2.6,9.7,2020,14,21
249,Isaac Okoro,F,28,881,.514,.607,.286,.672,12.9,4.4,2.0,0.9,0.9,19.1,3.4,6.3,2020,5,19
250,Reggie Perry,F,31,963,.500,.542,.324,.768,17.4,10.1,2.3,0.8,1.2,28.5,5.2,8.5,2020,57,20
251,Immanuel Quickley,G,30,989,.417,.409,.428,.923,16.1,4.2,1.9,0.9,0.1,20.4,4.8,7.3,2020,25,21
252,Nick Richards,F,31,919,.642,.642,0,.752,14.0,7.8,0.2,0.1,2.1,25.8,5.1,7.0,2020,42,22
253,Sharife Cooper,G,12,397,.391,.465,.228,.825,20.2,4.3,8.1,1.0,0.3,22.9,1.7,4.3,2021,48,20
254,Isaiah Jackson,F,25,519,.540,.548,.000,.700,8.4,6.6,0.7,0.8,2.6,25.3,2.4,8.3,2021,22,19
255,Jalen Johnson,F,24,394,.386,.412,.373,.710,5.2,1.7,0.4,0.3,0.2,11.9,1.1,2.7,2021,20,19
256,Jalen Johnson,F,13,278,.523,.538,.444,.632,11.2,6.1,2.2,1.2,1.2,25.8,1.1,8.5,2021,20,19
257,Jalen Johnson,G,21,343,.376,.467,.333,.765,5.0,2.4,0.6,0.4,0.5,13.5,0.7,2.2,2021,20,19
258,Jalen Johnson,F,15,444,.562,.562,0,.635,16.5,7.5,0.8,1.1,0.6,25.1,2.1,1.5,2021,20,19
259,Keon Johnson,G,27,688,.449,.492,.271,.703,11.3,3.5,2.5,1.1,0.4,16.3,2.1,4.1,2021,21,19
260,Herb Jones,F,33,900,.446,.470,.351,.713,11.2,6.6,3.3,1.7,1.1,20.6,3.9,8.7,2021,35,22
261,Scottie Lewis,G,21,538,.445,.512,.318,.673,7.9,3.1,1.5,1.6,1.0,14.5,1.4,5.8,2021,56,21
262,Tre Mann,G,24,777,.459,.494,.402,.831,16.0,5.6,3.5,1.4,0.1,21.1,3.3,7.0,2021,18,20
263,Moses Moody,G,32,1082,.427,.478,.358,.812,16.8,5.8,1.6,1.0,0.7,20.4,5.2,7.4,2021,14,19
264,Joshua Primo,G,30,674,.431,.500,.381,.750,8.1,3.4,0.8,0.6,0.3,13.2,2.1,3.7,2021,12,18
265,Jaden Springer,G,25,648,.467,.475,.435,.810,12.5,3.5,2.9,1.2,0.4,20.9,2.9,6.9,2021,28,18
266,Brian Cardinal,F,32,943,.411,.455,.339,.769,13.9,6.3,2.2,2.0,0.3,,4.4,,2000,44,23
267,Mateen Cleaves,G,26,820,.421,.443,.376,.756,12.1,1.8,6.9,1.4,0.2,,3.2,,2000,14,22
268,Jamal Crawford,G,17,577,.412,.468,.327,.784,16.6,2.8,4.5,1.1,0.9,,0.9,,2000,8,20
269,A.J. Guyton,G,29,995,.459,.485,.419,.789,19.7,3.1,2.3,1.0,0.4,,4.3,,2000,32,22
270,Scoonie Penn,G,30,1049,.386,.474,.313,.755,15.6,4.4,4.3,2.2,0.1,,4.6,,2000,57,23
271,Morris Peterson,F,39,1136,.465,.494,.425,.773,16.8,6.0,1.3,1.2,0.3,,7.4,,2000,21,22
272,Joel Przybilla,C,21,638,.613,.613,0,.495,14.2,8.4,2.4,0.8,3.9,,3.2,,2000,9,20
273,Michael Redd,G,30,1004,.436,.474,.315,.776,17.3,6.5,2.1,1.2,0.2,,4.0,,2000,43,20
274,Kirk Haston,C,33,1018,.440,.449,.377,.687,19.0,8.7,1.2,1.1,1.2,,4.3,,2001,16,22
275,Andre Hutson,F,32,956,.622,.622,0,.725,13.8,7.6,1.9,0.8,0.5,,6.5,,2001,51,22
276,Ken Johnson,C,31,916,.578,.578,0,.711,12.5,7.3,0.8,0.4,4.0,,6.2,,2001,48,23
277,Zach Randolph,C,33,654,.587,.590,.000,.635,10.8,6.7,1.0,0.7,0.7,,5.1,,2001,19,19
278,Jason Richardson,G,33,940,.503,.554,.402,.689,14.7,5.9,2.2,1.2,0.8,,6.3,,2001,5,20
279,Robert Archibald,C,34,769,.659,.663,.000,.654,10.6,5.5,1.3,0.7,1.1,,4.9,,2002,31,22
280,Jared Jeffries,F,36,1175,.457,.472,.380,.667,15.0,7.6,2.1,1.5,1.3,,5.0,,2002,11,20
281,Marcus Taylor,G,29,997,.400,.426,.361,.813,16.8,2.9,5.3,1.1,0.1,,2.9,,2002,51,20
282,Brian Cook,F,30,940,.479,.526,.303,.820,20.0,7.6,2.0,0.7,0.4,,5.6,,2003,24,22
283,Rick Rickert,F,32,985,.442,.477,.353,.682,15.6,6.2,1.2,0.8,0.8,,2.8,,2003,55,20
284,Devin Harris,G,32,1162,.459,.540,.373,.792,19.5,4.3,4.4,1.8,0.1,,7.8,,2004,5,21
285,Kris Humphries,F,29,990,.444,.455,.340,.742,21.7,10.1,0.7,0.9,1.1,,3.5,,2004,14,19
286,Bernard Robinson,F,34,1095,.432,.477,.250,.770,12.1,5.7,3.8,1.9,0.3,,3.5,,2004,45,23
287,Luther Head,G,39,1297,.463,.547,.410,.788,15.9,4.0,3.8,1.7,0.2,,7.2,,2005,24,22
288,Deron Williams,G,39,1315,.433,.491,.364,.677,12.5,3.6,6.8,1.0,0.2,,4.6,,2005,3,21
289,Bracey Wright,G,26,917,.413,.474,.329,.783,18.3,4.8,2.7,1.1,0.6,,3.3,,2005,47,20
290,Maurice Ager,G,34,1170,.457,.522,.376,.761,19.3,4.1,2.5,0.7,0.3,,4.5,,2006,28,22
291,James Augustine,F,33,1079,.624,.625,.500,.651,13.6,9.1,1.8,1.4,0.7,,8.6,,2006,41,22
292,Dee Brown,G,33,1183,.359,.407,.321,.757,14.2,3.1,5.8,1.6,0.0,,3.4,,2006,46,21
293,Shannon Brown,G,34,1196,.467,.513,.390,.830,17.2,4.4,2.7,1.5,0.1,,4.5,,2006,25,20
294,Paul Davis,C,33,1018,.566,.580,.316,.870,17.5,9.1,1.6,1.0,0.9,,6.3,,2006,34,21
295,Mike Conley,G,39,1231,.518,.579,.304,.694,11.3,3.4,6.1,2.2,0.3,,6.1,,2007,4,19
296,Daequan Cook,G,39,770,.445,.465,.415,.697,9.8,4.3,1.0,0.7,0.3,,3.5,,2007,21,20
297,Adam Haluska,G,31,1070,.408,.459,.363,.870,20.5,4.6,2.6,1.4,0.3,,4.9,,2007,43,23
298,Carl Landry,F,34,1035,.597,.618,.211,.726,18.9,7.3,1.2,1.2,0.9,,8.4,,2007,31,23
299,Carl Landry,G,27,652,.418,.425,.375,.714,7.1,3.6,1.6,0.9,0.0,,0.8,,2007,31,23
300,Greg Oden,C,32,925,.616,.616,0,.628,15.7,9.6,0.7,0.6,3.3,,8.2,,2007,1,19
301,Alando Tucker,G,36,1181,.470,.512,.325,.659,19.9,5.4,2.0,0.9,0.3,,5.9,,2007,29,23
302,Eric Gordon,G,32,1110,.433,.525,.337,.834,20.9,3.3,2.4,1.3,0.6,,6.0,,2008,7,19
303,Kosta Koufos,F,37,1003,.508,.535,.349,.680,14.4,6.7,0.5,0.4,1.8,,5.3,,2008,23,19
304,D.J. White,F,33,1105,.605,.607,.333,.689,17.4,10.3,0.8,0.8,1.6,,7.6,,2008,29,21
305,Byron Mullens,C,33,671,.638,.642,.000,.559,8.8,4.7,0.3,0.5,1.1,,3.3,,2009,24,20
306,Goran Suton,C,32,855,.521,.543,.438,.848,10.4,8.4,1.6,1.1,0.5,,5.3,,2009,50,23
307,Evan Turner,G,31,1108,.519,.540,.364,.754,20.4,9.2,6.0,1.7,0.9,30.0,6.8,,2010,2,21
308,Jon Diebler,G,37,1320,.507,.525,.502,.810,12.6,2.6,2.4,1.0,0.1,19.6,6.8,11.6,2011,51,23
309,JaJuan Johnson,F,34,1203,.494,.516,.294,.809,20.5,8.6,1.0,0.9,2.3,28.8,7.2,10.5,2011,27,22
310,Jon Leuer,F,34,1139,.470,.513,.370,.843,18.3,7.2,1.6,0.5,0.9,28.7,6.3,9.8,2011,40,22
311,E'Twaun Moore,G,34,1152,.447,.473,.400,.709,18.0,5.1,3.2,1.2,0.5,23.9,5.9,10.2,2011,55,22
312,Darius Morris,G,35,1219,.489,.533,.250,.715,15.0,4.0,6.7,1.0,0.0,22.7,5.3,6.3,2011,41,20
313,Draymond Green,F,37,1229,.449,.473,.388,.723,16.2,10.6,3.8,1.5,0.9,26.1,7.1,12.1,2012,35,22
314,Robbie Hummel,F,35,1128,.417,.440,.383,.825,16.4,7.2,1.9,0.7,1.2,25.7,5.6,9.4,2012,58,23
315,Meyers Leonard,C,32,1018,.584,.604,.091,.732,13.6,8.2,1.3,0.5,1.9,24.1,4.6,7.2,2012,11,20
316,Jared Sullinger,F,37,1123,.519,.531,.400,.768,17.5,9.2,1.2,1.2,1.1,30.2,7.9,11.7,2012,21,20
317,Trey Burke,G,39,1378,.463,.506,.384,.801,18.6,3.2,6.7,1.6,0.5,28.7,8.6,13.1,2013,9,20
318,Victor Oladipo,G,36,1021,.599,.644,.441,.746,13.6,6.3,2.1,2.2,0.8,28.9,6.7,15.1,2013,2,21
319,Deshaun Thomas,F,37,1309,.444,.500,.344,.834,19.8,5.9,1.3,0.5,0.3,24.2,6.9,9.0,2013,58,21
320,Cody Zeller,F,36,1062,.564,.567,.000,.757,16.5,8.0,1.3,1.0,1.3,29.8,7.3,11.1,2013,4,20
321,Gary Harris,G,35,1131,.429,.507,.352,.810,16.7,4.0,2.7,1.8,0.4,22.5,5.3,10.3,2014,19,19
322,Mitch McGary,F,8,198,.545,.566,.000,.667,9.5,8.3,1.5,1.9,0.8,26.2,1.0,8.6,2014,21,22
323,Adreian Payne,C,31,870,.503,.536,.423,.790,16.4,7.3,1.3,0.5,0.9,25.1,4.3,7.5,2014,15,23
324,Glenn Robinson,F,37,1194,.488,.562,.306,.757,13.1,4.4,1.2,0.9,0.3,18.9,4.2,5.3,2014,40,20
325,Nik Stauskas,G,36,1281,.470,.500,.442,.824,17.5,2.9,3.3,0.6,0.3,22.7,6.2,9.3,2014,8,20
326,Noah Vonleh,F,30,794,.523,.530,.485,.716,11.3,9.0,0.6,0.9,1.4,22.2,3.6,6.6,2014,9,18
327,Branden Dawson,F,35,1055,.535,.535,0,.490,11.9,9.1,1.7,1.2,1.7,23.8,4.4,8.6,2015,56,22
328,Sam Dekker,F,40,1239,.525,.639,.331,.708,13.9,5.5,1.2,0.5,0.5,25.5,7.0,10.4,2015,18,21
329,Frank Kaminsky,C,39,1311,.547,.581,.416,.780,18.8,8.2,2.6,0.8,1.5,34.4,9.8,16.2,2015,9,22
330,D'Angelo Russell,G,35,1188,.449,.479,.411,.756,19.3,5.7,5.0,1.6,0.3,26.6,6.8,11.9,2015,2,19
331,Aaron White,F,34,1070,.521,.558,.356,.819,16.4,7.3,1.4,1.3,0.5,29.3,7.2,12.2,2015,49,22
332,Deyonta Davis,F,35,650,.598,.598,0,.605,7.5,5.5,0.7,0.3,1.8,23.9,3.3,7.8,2016,31,19
333,A.J. Hammons,C,33,813,.592,.594,.545,.709,15.0,8.2,1.1,0.3,2.5,31.0,4.9,11.9,2016,46,23
334,Jake Layman,F,36,1112,.500,.610,.396,.832,11.6,5.3,1.1,1.1,1.0,18.8,4.4,8.2,2016,47,22
335,Caris LeVert,G,15,464,.506,.546,.446,.794,16.5,5.3,4.9,1.0,0.2,28.8,2.8,11.4,2016,20,21
336,Diamond Stone,C,35,807,.568,.568,0,.761,12.5,5.4,0.4,0.5,1.6,26.7,4.1,5.8,2016,40,19
337,Denzel Valentine,G,31,1022,.462,.481,.444,.853,19.2,7.5,7.8,1.0,0.2,29.7,7.2,15.6,2016,14,22
338,OG Anunoby,F,16,402,.557,.701,.311,.563,11.1,5.4,1.4,1.3,1.3,23.8,1.7,8.9,2017,23,19
339,Thomas Bryant,C,34,954,.519,.556,.383,.730,12.6,6.6,1.5,0.8,1.5,21.6,3.8,6.2,2017,42,19
340,Justin Jackson,F,33,919,.438,.438,.438,.698,10.5,6.0,0.9,0.9,0.8,17.0,3.1,4.7,2017,15,22
341,Justin Jackson,F,40,1281,.443,.510,.370,.748,18.3,4.7,2.8,0.8,0.2,21.3,6.1,9.8,2017,15,22
342,Caleb Swanigan,F,35,1139,.527,.548,.447,.781,18.5,12.5,3.1,0.4,0.8,26.2,6.4,9.4,2017,26,20
343,D.J. Wilson,F,38,1155,.538,.631,.373,.833,11.0,5.3,1.3,0.5,1.5,20.9,4.8,7.9,2017,17,21
344,Keita Bates-Diop,F,34,1125,.480,.547,.359,.794,19.8,8.7,1.6,0.9,1.6,27.5,6.1,11.1,2018,48,22
345,Miles Bridges,F,34,1067,.457,.527,.364,.853,17.1,7.0,2.7,0.6,0.8,22.6,5.5,8.7,2018,12,20
346,Tony Carr,G,37,1308,.408,.395,.433,.799,19.6,4.9,5.0,0.8,0.3,22.2,6.0,8.2,2018,51,20
347,Vince Edwards,F,35,1106,.476,.516,.398,.833,14.6,7.4,2.9,0.5,0.6,21.8,5.4,8.1,2018,52,22
348,Kevin Huerter,G,32,1101,.503,.605,.417,.758,14.8,5.0,3.4,0.6,0.7,19.4,4.5,7.8,2018,19,19
349,Justin Jackson,F,11,321,.366,.443,.250,.828,9.8,8.1,1.9,0.8,0.8,14.2,0.7,1.9,2018,43,21
350,Ignas Brazdeikis,F,37,1096,.462,.500,.392,.773,14.8,5.4,0.8,0.7,0.5,21.4,5.5,8.9,2019,47,20
351,Carsen Edwards,G,36,1275,.394,.440,.355,.837,24.3,3.6,2.9,1.3,0.3,23.2,5.6,8.5,2019,33,21
352,Bruno Fernando,F,34,1021,.607,.618,.300,.779,13.6,10.6,2.0,0.6,1.9,27.2,5.4,10.0,2019,34,20
353,Romeo Langford,G,32,1090,.448,.530,.272,.722,16.5,5.4,2.3,0.8,0.8,19.9,4.0,6.5,2019,14,19
354,Jordan Poole,G,37,1224,.436,.518,.369,.833,12.8,3.0,2.2,1.1,0.2,16.0,4.9,7.2,2019,28,20
355,Isaiah Roby,F,35,1093,.454,.496,.333,.677,11.8,6.9,1.9,1.3,1.9,19.7,3.8,6.7,2019,45,21
356,Daniel Oturu,C,31,1050,.563,.590,.365,.707,20.1,11.3,1.1,0.5,2.5,30.7,5.9,11.1,2020,33,21
357,Jalen Smith,F,31,970,.538,.604,.368,.750,15.5,10.5,0.8,0.7,2.4,29.3,6.0,12.0,2020,10,20
358,Cassius Winston,G,30,980,.448,.459,.432,.852,18.6,2.5,5.9,1.2,0.0,23.0,5.0,8.9,2020,53,22
359,Dalano Banton,G,27,736,.411,.507,.247,.659,9.6,5.9,3.9,1.0,0.9,16.1,1.7,4.7,2021,46,21
360,Ayo Dosunmu,G,28,984,.488,.511,.390,.783,20.1,6.3,5.3,1.1,0.2,24.0,5.1,9.5,2021,38,21
361,Luka Garza,F,31,975,.553,.581,.440,.709,24.1,8.7,1.7,0.7,1.6,35.6,6.9,13.7,2021,52,22
362,Isaiah Livers,F,23,727,.457,.486,.431,.870,13.1,6.0,2.0,0.6,0.7,20.5,3.6,10.4,2021,42,23
363,Franz Wagner,G,28,887,.477,.563,.343,.835,12.5,6.5,3.0,1.3,1.0,22.1,4.7,11.9,2021,8,19
364,Joe Wieskamp,G,31,907,.491,.518,.462,.677,14.8,6.6,1.7,0.9,0.3,22.7,4.1,9.3,2021,41,21
365,Aaron Wiggins,G,31,1023,.446,.514,.356,.772,14.5,5.8,2.5,1.1,0.5,19.9,3.7,7.0,2021,55,22
366,Erick Barkley,G,28,1033,.398,.454,.313,.664,16.0,3.0,4.5,3.0,0.3,,1.7,,2000,28,22
367,Khalid El-Amin,G,35,1118,.411,.443,.356,.892,16.0,3.1,5.2,1.7,0.1,,4.4,,2000,34,21
368,Jason Hart,G,32,1083,.411,.460,.330,.734,11.9,3.0,6.5,1.8,0.1,,3.6,,2000,49,22
369,Lavor Postell,F,33,1155,.428,.463,.294,.809,14.3,6.9,1.8,0.9,0.6,,2.2,,2000,39,22
370,Etan Thomas,C,29,940,.602,.602,0,.678,13.6,9.3,0.6,0.8,3.7,,7.4,,2000,12,22
371,Jake Voskuhl,C,34,778,.571,.571,0,.683,8.5,6.4,1.1,0.5,1.4,,4.5,,2000,33,22
372,Ruben Boumtje-Boumtje,C,33,713,.517,.517,0,.718,9.1,6.8,0.9,0.7,2.4,,5.4,,2001,49,23
373,Michael Bradley,C,31,1053,.692,.727,.353,.590,20.8,9.8,2.6,0.9,1.8,,6.4,,2001,17,22
374,Damone Brown,F,34,1242,.492,.499,.286,.791,16.4,8.8,1.6,1.7,1.4,,5.8,,2001,36,21
375,Omar Cook,G,29,1107,.360,.424,.309,.742,15.3,3.0,8.7,2.3,0.2,,3.2,,2001,31,19
376,Samuel Dalembert,C,29,622,.565,.565,0,.556,8.3,5.7,0.3,0.5,2.1,,2.9,,2001,26,20
377,Eddie Griffin,F,30,979,.429,.469,.320,.734,17.8,10.8,1.6,0.9,4.4,,4.6,,2001,7,19
378,Troy Murphy,F,30,1090,.471,.499,.349,.766,21.8,9.2,2.1,0.9,1.7,,5.5,,2001,14,21
379,Caron Butler,F,34,1223,.486,.500,.400,.779,20.3,7.5,3.0,2.1,0.4,,5.7,,2002,10,22
380,Ryan Humphrey,F,31,1103,.489,.489,.500,.598,18.9,10.9,2.6,1.1,2.8,,5.9,,2002,19,22
381,John Salmons,G,32,1077,.461,.509,.310,.842,13.1,6.0,6.1,1.8,0.6,,4.9,,2002,26,22
382,Carmelo Anthony,F,35,1274,.453,.496,.337,.706,22.2,10.0,2.2,1.6,0.9,,5.8,,2003,3,19
383,Troy Bell,G,31,1198,.441,.484,.402,.847,25.2,4.6,3.7,2.3,0.2,,6.2,,2003,16,22
384,James Jones,F,28,957,.447,.466,.400,.831,16.9,6.0,1.8,1.6,1.8,,4.6,,2003,49,22
385,Mike Sweetney,F,34,1100,.547,.550,.000,.738,22.8,10.4,1.9,1.5,3.2,,9.8,,2003,9,20
386,Marcus Douthit,C,29,861,.446,.446,0,.768,7.8,5.9,2.2,1.6,3.2,,3.6,,2004,56,24
387,Ben Gordon,G,39,1346,.434,.434,.433,.829,18.5,4.7,4.5,1.4,0.2,,7.0,,2004,3,21
388,Emeka Okafor,C,36,1166,.599,.599,0,.518,17.6,11.5,1.0,1.0,4.1,,9.9,,2004,2,21
389,Ryan Gomes,F,31,1161,.496,.540,.380,.770,21.6,8.2,3.2,1.5,0.2,,5.0,,2005,50,22
390,Chris Taft,F,29,769,.580,.580,0,.586,13.3,7.5,0.8,0.4,1.7,,4.8,,2005,42,20
391,Charlie Villanueva,F,31,798,.521,.522,.500,.688,13.6,8.3,1.3,0.6,1.8,,4.8,,2005,7,20
392,Hakim Warrick,F,34,1275,.548,.566,.290,.681,21.4,8.6,1.5,1.0,0.8,,7.5,,2005,19,22
393,Hilton Armstrong,C,34,943,.608,.609,.500,.692,9.7,6.6,0.7,0.6,3.1,,5.9,,2006,12,21
394,Josh Boone,C,34,922,.564,.564,0,.547,10.3,7.0,0.6,0.4,2.0,,4.4,,2006,23,21
395,Denham Brown,F,32,754,.403,.439,.326,.868,10.7,4.4,1.4,0.8,0.4,,2.5,,2006,40,23
396,Quincy Douby,G,33,1211,.462,.515,.401,.847,25.4,4.3,3.1,1.8,0.8,,7.8,,2006,19,22
397,Randy Foye,G,33,1145,.411,.463,.350,.791,20.5,5.8,3.0,1.4,0.6,,5.7,,2006,7,22
398,Rudy Gay,F,33,1015,.461,.500,.318,.732,15.2,6.4,2.1,1.8,1.6,,5.2,,2006,8,19
399,Solomon Jones,C,29,1056,.484,.488,.000,.778,13.2,9.8,1.3,0.9,3.1,,3.6,,2006,33,21
400,Kyle Lowry,G,33,967,.466,.468,.444,.786,11.0,4.3,3.7,2.3,0.2,,4.9,,2006,24,20
401,Steve Novak,F,31,1047,.477,.500,.467,.974,17.5,5.9,1.3,0.6,0.1,,5.7,,2006,32,23
402,James White,F,33,1104,.488,.552,.374,.838,16.3,5.1,2.0,1.1,0.8,,5.8,,2006,31,23
403,Wilson Chandler,F,34,1078,.450,.494,.333,.654,14.6,6.9,1.4,0.6,1.4,,3.9,,2007,23,20
404,Aaron Gray,C,36,1016,.565,.565,0,.548,13.9,9.5,1.7,0.4,1.7,,6.8,,2007,49,22
405,Jeff Green,F,37,1232,.513,.559,.375,.775,14.3,6.4,3.2,0.8,1.2,,6.3,,2007,5,20
406,Herbert Hill,F,31,990,.640,.642,.000,.602,18.1,8.8,1.5,1.0,2.9,,6.3,,2007,55,22
407,Sammy Mejia,G,34,1140,.481,.537,.353,.602,14.1,5.9,2.6,1.0,0.1,,3.9,,2007,57,24
408,Demetris Nichols,F,35,1217,.447,.475,.417,.850,18.9,5.4,1.5,1.4,1.1,,5.9,,2007,53,22
409,Joe Alexander,G,36,1137,.462,.480,.268,.814,16.9,6.4,2.4,0.7,1.5,,6.1,,2008,8,21
410,Pat Ewing,F,34,738,.529,.649,.283,.658,6.1,4.2,1.8,1.0,0.7,,3.4,,2008,43,24
411,Donte Greene,F,35,1253,.418,.492,.345,.707,17.7,7.2,2.0,1.3,1.6,,3.9,,2008,28,20
412,Roy Hibbert,C,34,894,.609,.605,1.000,.646,13.4,6.4,1.9,0.5,2.2,,6.8,,2008,17,21
413,DeJuan Blair,F,35,955,.593,.593,0,.605,15.7,12.3,1.2,1.5,1.0,,8.2,,2009,37,20
414,Earl Clark,F,37,1269,.457,.493,.326,.647,14.2,8.7,3.2,1.0,1.4,,5.8,,2009,14,21
415,Dante Cunningham,F,38,1199,.525,.527,.000,.697,16.1,7.5,1.2,1.2,1.2,,6.3,,2009,33,22
416,Jonny Flynn,G,38,1418,.460,.521,.317,.786,17.4,2.7,6.7,1.4,0.2,,4.9,,2009,6,20
417,A.J. Price,G,35,1112,.408,.413,.402,.721,14.7,3.5,4.7,0.7,0.0,,4.0,,2009,52,22
418,DaJuan Summers,F,31,910,.474,.552,.385,.713,13.6,4.1,1.3,1.1,0.7,,4.0,,2009,35,21
419,Hasheem Thabeet,C,36,1145,.640,.640,0,.627,13.6,10.8,0.5,0.6,4.2,,9.4,,2009,2,22
420,Terrence Williams,F,37,1266,.431,.459,.385,.581,12.5,8.6,5.0,2.3,0.8,,6.2,,2009,11,21
421,Sam Young,F,36,1146,.502,.552,.372,.740,19.2,6.3,1.1,1.0,0.8,,6.9,,2009,36,24
422,Da'Sean Butler,F,38,1360,.414,.452,.354,.789,17.2,6.2,3.1,1.0,0.4,22.5,7.1,,2010,42,22
423,Devin Ebanks,F,34,1161,.457,.495,.100,.770,12.0,8.1,2.4,1.1,0.7,19.7,4.6,,2010,43,20
424,Luke Harangody,F,30,989,.481,.514,.309,.787,21.8,9.1,1.6,0.5,0.7,29.3,5.1,,2010,52,22
425,Lazar Hayward,F,34,1097,.432,.479,.349,.843,18.1,7.5,1.5,1.9,0.5,25.7,5.4,,2010,30,23
426,Dominique Jones,G,33,1224,.450,.521,.311,.741,21.4,6.1,3.6,1.7,0.6,26.6,6.2,,2010,25,21
427,Greg Monroe,C,34,1164,.525,.545,.259,.660,16.1,9.6,3.8,1.2,1.5,25.2,5.5,,2010,7,20
428,Andy Rautins,G,35,1137,.438,.571,.407,.815,12.1,3.4,4.9,2.0,0.2,18.5,4.9,,2010,38,23
429,Stanley Robinson,F,34,1163,.525,.571,.342,.629,14.5,7.6,1.0,0.9,1.2,20.2,4.2,,2010,59,21
430,Lance Stephenson,F,34,960,.440,.495,.219,.664,12.3,5.4,2.5,0.9,0.2,17.9,2.8,,2010,40,19
431,Jimmy Butler,G,37,1282,.490,.515,.345,.783,15.7,6.1,2.3,1.4,0.4,24.0,6.3,9.4,2011,30,21
432,Kemba Walker,G,41,1543,.428,.471,.330,.819,23.5,5.4,4.5,1.9,0.2,29.9,9.7,13.1,2011,9,21
433,Jae Crowder,F,35,1153,.498,.602,.345,.735,17.5,8.4,2.1,2.5,1.0,28.8,7.6,13.8,2012,34,21
434,Andre Drummond,C,34,967,.538,.541,.000,.295,10.0,7.6,0.4,0.8,2.7,21.9,2.9,4.9,2012,9,18
435,Maurice Harkless,G,32,1155,.452,.506,.215,.676,15.5,8.6,1.5,1.6,1.4,21.1,3.2,4.0,2012,15,19
436,Darius Johnson-Odom,G,34,1120,.447,.493,.385,.764,18.3,3.5,2.7,0.9,0.1,20.1,4.7,6.8,2012,55,22
437,Kris Joseph,F,37,1192,.421,.467,.345,.745,13.4,4.7,1.5,1.4,0.6,19.7,5.0,6.6,2012,51,23
438,Jeremy Lamb,G,34,1266,.478,.601,.336,.810,17.7,4.9,1.7,1.2,0.6,22.1,5.2,7.8,2012,12,20
439,Fab Melo,C,30,763,.566,.566,0,.633,7.8,5.8,0.7,0.5,2.9,20.7,3.0,5.3,2012,22,22
440,Dion Waiters,G,37,891,.476,.529,.363,.729,12.6,2.3,2.5,1.8,0.3,26.3,5.0,10.8,2012,4,20
441,Dion Waiters,G,24,385,.349,.440,.000,.702,3.2,2.7,1.9,1.2,0.0,13.2,0.9,-0.8,2012,4,20
442,Steven Adams,C,32,749,.571,.571,0,.443,7.2,6.3,0.6,0.7,2.0,23.2,3.5,8.1,2013,12,19
443,Michael Carter-Williams,G,40,1409,.393,.436,.294,.694,11.9,5.0,7.3,2.7,0.5,20.9,6.1,9.4,2013,11,21
444,Gorgui Dieng,C,33,1026,.534,.534,0,.652,9.8,9.4,2.0,1.3,2.5,23.8,5.6,11.5,2013,21,23
445,Otto Porter,F,31,1097,.480,.504,.422,.777,16.2,7.5,2.7,1.8,0.9,27.3,7.1,13.7,2013,3,20
446,Peyton Siva,G,40,1247,.404,.476,.288,.867,10.0,2.4,5.7,2.3,0.2,17.5,5.3,7.3,2013,56,22
447,Semaj Christon,G,34,1200,.479,.491,.388,.668,17.0,2.7,4.2,1.3,0.2,19.1,4.0,5.2,2014,55,21
448,Doug McDermott,F,35,1181,.526,.567,.449,.864,26.7,7.0,1.6,0.2,0.1,32.8,7.7,10.9,2014,11,22
449,Darrun Hilliard,G,35,1007,.440,.500,.387,.796,14.3,3.1,2.1,1.8,0.3,23.1,5.5,10.0,2015,38,22
450,Ben Bentil,F,35,1198,.462,.517,.329,.782,21.1,7.7,1.1,0.9,1.0,24.8,5.8,8.2,2016,51,21
451,Kris Dunn,G,33,1088,.448,.477,.372,.695,16.4,5.3,6.2,2.5,0.6,23.3,4.5,10.1,2016,5,22
452,Henry Ellenson,F,33,1107,.446,.495,.288,.749,17.0,9.7,1.8,0.8,1.5,20.9,4.0,3.9,2016,18,19
453,Isaiah Whitehead,G,34,1098,.379,.390,.365,.760,18.2,3.6,5.1,1.2,1.4,20.5,4.2,8.9,2016,42,21
454,Josh Hart,G,36,1193,.510,.579,.404,.747,18.7,6.4,2.9,1.6,0.3,28.2,7.7,12.0,2017,30,22
455,Justin Patton,C,35,885,.676,.683,.533,.517,12.9,6.2,1.2,0.9,1.4,25.2,4.3,8.4,2017,16,20
456,Edmond Sumner,G,21,696,.479,.533,.273,.735,15.0,4.3,5.0,1.3,0.8,21.1,2.7,8.8,2017,52,21
457,Mikal Bridges,F,40,1285,.514,.593,.435,.851,17.7,5.3,1.9,1.5,1.1,26.8,7.7,12.9,2018,10,21
458,Jalen Brunson,G,40,1272,.521,.599,.408,.802,18.9,3.1,4.6,0.9,0.0,26.1,7.7,10.2,2018,33,21
459,Donte DiVincenzo,G,40,1170,.481,.575,.401,.710,13.4,4.8,3.5,1.1,0.2,20.9,5.5,9.0,2018,17,21
460,Omari Spellman,F,40,1125,.476,.511,.433,.700,10.9,8.0,0.8,0.7,1.5,20.6,5.2,7.5,2018,30,20
461,Khyri Thomas,G,33,1046,.538,.639,.411,.788,15.1,4.4,2.8,1.7,0.2,21.8,4.8,8.6,2018,38,22
462,Eric Paschall,F,36,1301,.447,.532,.348,.746,16.5,6.1,2.1,0.7,0.5,19.0,4.7,4.8,2019,41,22
463,Saddiq Bey,F,31,1051,.477,.500,.451,.769,16.1,4.7,2.4,0.8,0.4,21.6,4.9,8.1,2020,19,21
464,James Bouknight,G,15,475,.447,.528,.293,.778,18.7,5.7,1.8,1.1,0.3,23.3,2.1,8.6,2021,11,20
465,Sandro Mamukelashvili,F,27,961,.434,.481,.336,.714,17.5,7.6,3.2,1.1,0.6,20.2,3.1,6.2,2021,54,22
466,Jeremiah Robinson-Earl,F,25,862,.497,.574,.280,.714,15.7,8.5,2.2,1.0,0.6,23.4,4.1,7.6,2021,32,20
467,Marcus Zegarowski,G,29,974,.464,.516,.421,.786,15.8,3.6,4.3,1.3,0.1,20.9,4.3,8.1,2021,49,22
468,Jared Cunningham,G,36,1245,.450,.507,.338,.737,17.9,3.8,2.8,2.5,0.4,22.1,5.0,5.0,2012,24,21
469,Terrence Ross,G,35,1088,.457,.518,.371,.766,16.4,6.4,1.4,1.3,0.9,22.3,4.9,7.9,2012,8,21
470,Tony Wroten,G,35,1062,.443,.483,.161,.583,16.0,5.0,3.7,1.9,0.4,20.4,3.2,4.7,2012,25,19
471,Allen Crabbe,G,33,1195,.459,.532,.348,.813,18.4,6.1,2.6,1.1,0.7,22.3,5.1,8.4,2013,31,21
472,Carrick Felix,G,35,1235,.500,.573,.374,.664,14.6,8.1,1.6,1.4,1.1,21.5,5.1,6.0,2013,33,22
473,Solomon Hill,F,35,1154,.458,.508,.390,.766,13.4,5.3,2.7,1.1,0.6,20.1,5.1,8.3,2013,23,22
474,Grant Jerrett,F,34,606,.409,.413,.405,.818,5.2,3.6,0.5,0.5,1.0,16.6,2.3,6.6,2013,40,19
475,Arsalan Kazemi,F,35,1016,.595,.598,.000,.675,9.4,10.0,1.4,2.0,0.7,24.4,5.7,10.8,2013,54,23
476,Shabazz Muhammad,G,32,987,.443,.463,.377,.711,17.9,5.2,0.8,0.7,0.1,21.9,3.7,4.7,2013,14,20
477,Andre Roberson,F,31,1036,.480,.521,.328,.551,10.9,11.2,1.4,2.2,1.3,21.9,4.3,8.1,2013,26,21
478,Jordan Adams,G,36,1082,.485,.551,.356,.836,17.4,5.3,2.3,2.6,0.1,28.3,6.4,11.5,2014,22,19
479,Kyle Anderson,G,36,1196,.480,.480,.483,.737,14.6,8.8,6.5,1.8,0.8,24.7,5.6,10.9,2014,30,20
480,Kyle Anderson,G,35,1216,.394,.440,.376,.778,11.0,3.7,0.9,0.8,0.3,12.2,2.8,0.6,2014,30,20
481,Spencer Dinwiddie,G,17,529,.466,.515,.413,.857,14.7,3.1,3.8,1.5,0.2,24.8,3.1,10.1,2014,38,21
482,Aaron Gordon,F,38,1187,.495,.513,.356,.422,12.4,8.0,2.0,0.9,1.0,20.4,5.4,8.4,2014,4,18
483,Josh Huestis,F,36,1266,.451,.483,.338,.627,11.2,8.2,1.2,0.6,1.9,17.3,4.0,5.3,2014,29,22
484,Nick Johnson,G,38,1257,.432,.469,.367,.781,16.3,4.1,2.8,1.1,0.7,21.5,6.7,10.7,2014,42,21
485,Zach LaVine,G,37,904,.441,.494,.375,.691,9.4,2.5,1.8,0.9,0.2,14.6,2.5,2.9,2014,13,19
486,Dwight Powell,F,36,1167,.462,.485,.256,.687,14.0,6.9,3.1,1.3,0.8,19.7,3.8,5.7,2014,45,22
487,C.J. Wilcox,G,32,1116,.453,.522,.391,.873,18.3,3.7,2.5,1.0,1.0,22.0,4.4,8.4,2014,28,23
488,Anthony Brown,G,37,1320,.431,.424,.441,.795,14.8,6.9,2.5,0.8,0.2,19.5,5.2,7.1,2015,34,22
489,Rondae Hollis-Jefferson,F,38,1090,.502,.537,.207,.707,11.2,6.8,1.6,1.2,0.8,21.8,5.9,9.4,2015,23,20
490,Stanley Johnson,F,38,1081,.446,.478,.371,.742,13.8,6.5,1.7,1.5,0.4,22.5,5.7,9.4,2015,8,19
491,Kevon Looney,F,36,1113,.470,.481,.415,.626,11.6,9.2,1.4,1.3,0.9,21.9,4.8,7.0,2015,30,19
492,Norman Powell,G,36,1244,.456,.503,.319,.751,16.4,4.7,2.1,1.8,0.4,19.6,4.4,6.2,2015,46,22
493,Delon Wright,G,35,1165,.509,.554,.356,.836,14.5,4.9,5.1,2.1,1.0,29.2,8.4,15.5,2015,20,23
494,Joe Young,G,36,1322,.448,.516,.357,.925,20.7,4.4,3.8,1.1,0.0,23.2,5.6,6.7,2015,43,22
495,Jaylen Brown,F,34,939,.431,.482,.294,.654,14.6,5.4,2.0,0.8,0.6,17.6,2.7,3.6,2016,3,19
496,Marquese Chriss,F,34,848,.530,.568,.350,.682,13.7,5.4,0.8,0.9,1.6,21.6,3.1,4.9,2016,8,18
497,Dejounte Murray,G,34,1139,.416,.457,.288,.663,16.1,6.0,4.4,1.8,0.3,16.8,2.8,3.6,2016,29,19
498,Jakob Poeltl,F,36,1093,.646,.646,0,.689,17.2,9.1,1.9,0.6,1.6,31.1,6.8,10.4,2016,9,20
499,Tyrone Wallace,G,28,901,.440,.486,.298,.649,15.3,5.3,4.4,1.0,0.4,19.7,3.4,6.6,2016,60,22
500,Kadeem Allen,G,34,1020,.453,.466,.427,.741,9.8,4.0,3.0,1.6,0.6,16.7,3.8,7.4,2017,53,24
501,Ike Anigbogu,F,29,377,.564,.564,0,.535,4.7,4.0,0.2,0.2,1.2,17.1,1.3,0.9,2017,47,18
502,Lonzo Ball,G,36,1263,.551,.732,.412,.673,14.6,6.0,7.6,1.8,0.8,24.7,6.8,12.0,2017,2,19
503,Jordan Bell,F,39,1124,.636,.659,.214,.701,10.9,8.8,1.8,1.3,2.3,26.4,6.2,10.8,2017,38,22
504,Jordan Bell,F,26,302,.442,.524,.281,.650,4.1,3.2,0.6,0.3,0.4,14.8,0.7,-3.2,2017,38,22
505,Jabari Bird,G,27,863,.440,.536,.365,.764,14.3,4.7,1.0,0.7,0.2,16.5,3.1,6.2,2017,56,22
506,Dillon Brooks,F,35,886,.488,.532,.401,.754,16.1,3.2,2.7,1.1,0.5,25.5,4.7,9.1,2017,45,21
507,Tyler Dorsey,G,39,1169,.467,.513,.423,.755,14.6,3.5,1.7,0.8,0.1,19.6,5.2,6.8,2017,41,21
508,Markelle Fultz,G,25,892,.476,.502,.413,.649,23.2,5.7,5.9,1.6,1.2,28.0,3.9,9.4,2017,1,19
509,Kyle Kuzma,F,29,894,.504,.560,.321,.669,16.4,9.3,2.4,0.6,0.5,25.0,4.5,6.3,2017,27,21
510,Lauri Markkanen,F,37,1140,.492,.545,.423,.835,15.6,7.2,0.9,0.4,0.5,25.0,6.7,9.4,2017,7,20
511,Ivan Rabb,F,31,1012,.484,.490,.400,.663,14.0,10.5,1.5,0.7,1.0,21.7,4.6,6.4,2017,35,20
512,Derrick White,G,34,1116,.507,.569,.396,.813,18.1,4.1,4.4,1.2,1.4,27.3,5.9,12.4,2017,29,22
513,Deandre Ayton,F,35,1172,.612,.635,.343,.733,20.1,11.6,1.6,0.6,1.9,32.6,7.6,11.0,2018,1,19
514,Aaron Holiday,G,33,1244,.461,.486,.429,.828,20.3,3.7,5.8,1.3,0.2,21.1,4.9,5.9,2018,23,21
515,George King,G,32,913,.445,.494,.395,.782,12.9,7.8,1.1,0.5,0.7,18.8,3.0,4.7,2018,59,24
516,Chimezie Metu,F,34,1053,.523,.548,.300,.730,15.7,7.4,1.6,0.8,1.7,23.5,4.4,5.6,2018,49,21
517,Thomas Welsh,C,33,1096,.485,.527,.402,.828,12.6,10.8,1.4,0.7,0.9,20.3,4.5,5.8,2018,58,22
518,Bol Bol,C,9,268,.561,.570,.520,.757,21.0,9.6,1.0,0.8,2.7,37.5,1.8,13.0,2019,44,19
519,Jaylen Hands,G,33,1029,.413,.447,.373,.780,14.2,3.7,6.1,1.3,0.2,18.5,3.0,4.6,2019,56,20
520,Jaylen Nowell,G,36,1240,.502,.525,.440,.779,16.2,5.3,3.1,1.3,0.3,20.3,5.0,4.9,2019,43,19
521,Matisse Thybulle,G,36,1118,.415,.555,.305,.851,9.1,3.1,2.1,3.5,2.3,19.9,4.3,11.6,2019,20,22
522,Tyler Bey,G,31,898,.530,.545,.419,.743,13.8,9.0,1.5,1.5,1.2,26.7,5.1,10.1,2020,36,22
523,Josh Green,G,30,926,.424,.449,.361,.780,12.0,4.6,2.6,1.5,0.4,17.9,3.8,6.9,2020,18,20
524,Nico Mannion,G,32,1032,.392,.444,.327,.797,14.0,2.5,5.3,1.2,0.0,17.2,3.9,5.4,2020,48,19
525,Jaden McDaniels,F,31,963,.405,.445,.339,.763,13.0,5.8,2.1,0.8,1.4,14.6,2.3,2.6,2020,28,20
526,Zeke Nnaji,F,32,981,.570,.586,.294,.760,16.1,8.6,0.8,0.7,0.9,25.7,5.6,8.0,2020,22,19
527,Onyeka Okongwu,F,28,858,.616,.621,.250,.720,16.2,8.6,1.1,1.2,2.7,31.1,5.4,11.6,2020,6,19
528,Payton Pritchard,G,31,1135,.468,.512,.415,.821,20.5,4.3,5.5,1.5,0.0,27.1,6.7,11.1,2020,26,22
529,Tyrell Terry,G,31,1010,.441,.470,.408,.891,14.6,4.5,3.2,1.4,0.1,19.3,4.5,6.1,2020,31,20
530,Josh Christopher,G,15,446,.432,.496,.305,.800,14.3,4.7,1.4,1.5,0.5,17.8,1.1,4.2,2021,24,19
531,Chris Duarte,G,26,886,.532,.631,.424,.810,17.1,4.6,2.7,1.9,0.8,26.6,4.7,11.5,2021,13,24
532,Evan Mobley,F,33,1120,.578,.615,.300,.694,16.4,8.7,2.4,0.8,2.9,29.1,6.9,13.7,2021,3,20
533,Ziaire Williams,F,20,558,.374,.427,.291,.796,10.7,4.6,2.2,0.9,0.6,11.2,0.6,0.3,2021,10,19
534,Chris Carrawell,F,34,1212,.486,.510,.377,.778,16.9,6.1,3.2,1.0,1.1,,5.2,,2000,41,22
535,Jason Collier,C,30,975,.473,.503,.369,.735,17.0,9.2,1.6,0.8,1.1,,4.2,,2000,15,22
536,Shane Battier,F,39,1363,.471,.536,.419,.796,19.9,7.3,1.8,2.1,2.3,,10.1,,2001,6,22
537,Joseph Forte,G,33,1145,.450,.476,.377,.853,20.9,6.1,3.5,2.0,0.4,,4.8,,2001,21,20
538,Brendan Haywood,C,33,901,.592,.592,0,.516,12.3,7.3,1.3,0.5,3.6,,5.4,,2001,20,21
539,Alvin Jones,C,30,875,.482,.486,.000,.596,13.4,10.4,1.5,0.9,3.4,,4.5,,2001,56,22
540,Terence Morris,F,36,993,.432,.478,.289,.795,12.2,7.7,1.9,0.9,2.2,,4.6,,2001,33,22
541,Will Solomon,G,30,998,.397,.421,.377,.788,19.7,2.9,3.4,1.4,0.3,,2.9,,2001,32,22
542,Lonny Baxter,C,35,1005,.545,.547,.000,.623,15.2,8.2,0.8,0.9,2.0,,5.8,,2002,43,23
543,Carlos Boozer,C,35,993,.665,.667,.000,.754,18.2,8.7,1.1,0.9,0.6,,8.5,,2002,34,20
544,Juan Dixon,G,36,1209,.469,.525,.397,.898,20.4,4.6,2.9,2.6,0.2,,6.8,,2002,17,23
545,Mike Dunleavy,F,35,1133,.483,.596,.378,.681,17.3,7.2,2.1,2.3,0.7,,7.2,,2002,3,21
546,Roger Mason,G,29,1046,.409,.463,.367,.881,18.6,3.2,4.1,0.9,0.4,,3.9,,2002,30,21
547,Darius Songaila,F,34,1036,.523,.529,.375,.854,17.9,8.1,2.6,1.3,0.8,,5.2,,2002,49,24
548,Chris Wilcox,C,36,866,.504,.507,.000,.585,12.0,7.1,1.5,0.8,1.5,,4.0,,2002,8,19
549,Jay Williams,G,35,1175,.457,.536,.383,.676,21.3,3.5,5.3,2.2,0.1,,6.3,,2002,2,20
550,Steve Blake,G,31,1009,.415,.413,.416,.819,11.6,3.7,7.1,1.6,0.2,,4.1,,2003,38,23
551,Chris Bosh,F,31,960,.560,.575,.478,.730,15.6,9.0,1.2,1.0,2.2,,6.4,,2003,4,19
552,Josh Howard,F,31,1002,.477,.528,.373,.833,19.5,8.3,1.9,2.1,1.5,,7.0,,2003,29,23
553,Dahntay Jones,F,33,1014,.470,.498,.398,.749,17.7,5.5,0.9,1.2,0.5,,4.8,,2003,20,22
554,Luol Deng,F,37,1149,.476,.515,.360,.710,15.1,6.9,1.8,1.3,1.1,,5.6,,2004,7,19
555,Chris Duhon,G,37,1311,.448,.514,.302,.722,10.0,4.1,6.1,2.2,0.2,,4.3,,2004,38,21
556,Tim Pickett,G,33,985,.434,.481,.407,.759,16.5,4.5,2.1,2.5,0.4,,5.3,,2004,44,23
557,Daniel Ewing,G,33,1138,.427,.498,.347,.692,15.3,3.2,4.0,2.0,0.4,,4.1,,2005,32,22
558,Raymond Felton,G,36,1142,.455,.468,.440,.701,12.9,4.3,6.9,2.0,0.3,,5.1,,2005,5,21
559,Julius Hodge,G,34,1177,.493,.530,.255,.668,17.0,6.6,4.8,1.4,0.7,,5.1,,2005,20,21
560,Jarrett Jack,G,32,1091,.514,.549,.442,.866,15.5,4.8,4.5,1.8,0.1,,6.1,,2005,22,21
561,Sean May,C,37,992,.567,.571,.000,.758,17.5,10.7,1.7,1.2,1.0,,7.7,,2005,13,21
562,Rashad McCants,G,33,856,.489,.544,.423,.722,16.0,3.0,2.7,1.3,0.7,,5.0,,2005,14,20
563,Chris Paul,G,32,1069,.451,.441,.474,.834,15.3,4.5,6.6,2.4,0.0,,4.6,,2005,4,20
564,Von Wafer,G,29,758,.437,.492,.396,.721,12.5,2.5,1.7,1.0,0.3,,2.5,,2005,39,19
565,Marvin Williams,F,36,800,.506,.522,.432,.847,11.3,6.6,0.7,1.1,0.5,,4.8,,2005,2,19
566,Guillermo Diaz,G,34,1196,.415,.458,.364,.789,17.2,2.9,2.9,1.1,0.2,,4.0,,2006,52,21
567,Alexander Johnson,C,29,723,.540,.573,.310,.706,13.2,7.4,0.7,1.1,1.0,,4.6,,2006,45,23
568,David Noel,G,31,1045,.532,.580,.424,.625,12.9,6.8,3.5,1.1,0.7,,4.6,,2006,39,22
569,J.J. Redick,G,36,1336,.470,.521,.421,.863,26.8,2.0,2.6,1.4,0.1,,7.8,,2006,11,22
570,Cedric Simmons,C,32,880,.587,.583,1.000,.678,11.8,6.3,1.7,0.7,2.5,,4.6,,2006,15,20
571,Craig Smith,F,36,1305,.573,.587,.083,.643,17.6,9.4,3.0,1.2,0.8,,6.7,,2006,36,22
572,Shelden Williams,F,36,1198,.578,.582,.333,.744,18.8,10.7,1.1,1.7,3.8,,9.1,,2006,5,22
573,Javaris Crittenton,G,32,1003,.450,.488,.356,.783,14.4,3.7,5.8,2.0,0.1,,3.6,,2007,19,19
574,Jared Dudley,F,30,1152,.562,.602,.443,.743,19.0,8.3,3.0,1.4,0.3,,5.8,,2007,22,21
575,Josh McRoberts,F,33,1164,.502,.523,.217,.664,13.0,7.9,3.5,1.2,2.5,,6.0,,2007,37,20
576,D.J. Strawberry,G,34,1083,.477,.525,.343,.685,14.9,4.4,3.5,2.0,0.4,,4.6,,2007,59,22
577,Reyshawn Terry,F,38,817,.494,.531,.437,.739,9.7,5.4,1.7,0.7,0.6,,4.7,,2007,44,23
578,Al Thornton,G,35,1092,.530,.549,.444,.790,19.7,7.2,0.7,1.5,1.1,,6.6,,2007,14,23
579,Sean Williams,F,15,483,.548,.548,0,.700,12.1,6.9,1.2,1.4,5.0,,2.3,,2007,17,20
580,Brandan Wright,F,37,1013,.646,.646,0,.567,14.7,6.2,1.0,1.0,1.8,,7.6,,2007,8,19
581,Thaddeus Young,F,31,917,.478,.498,.419,.743,14.4,4.9,2.0,1.3,0.4,,3.3,,2007,12,19
582,James Gist,F,33,1056,.496,.538,.310,.737,15.9,7.9,1.4,1.3,2.3,,4.9,,2008,57,21
583,J.J. Hickson,F,31,890,.591,.593,.000,.677,14.8,8.5,1.0,0.7,1.5,,3.9,,2008,19,19
584,Sean Singletary,G,33,1122,.426,.456,.367,.851,19.8,3.8,6.1,1.8,0.0,,4.6,,2008,42,22
585,Deron Washington,F,35,1159,.416,.451,.269,.671,13.1,6.5,2.3,1.0,0.6,,3.6,,2008,59,22
586,Toney Douglas,G,35,1279,.446,.489,.385,.810,21.5,3.9,2.9,1.8,0.4,,6.3,,2009,29,23
587,Wayne Ellington,G,38,1155,.483,.539,.417,.777,15.8,4.9,2.7,0.9,0.2,,5.5,,2009,28,21
588,Danny Green,F,38,1040,.471,.517,.418,.852,13.1,4.7,2.7,1.8,1.3,,6.3,,2009,46,22
589,Tyler Hansbrough,F,34,1029,.514,.521,.391,.841,20.7,8.1,1.0,1.2,0.4,,6.7,,2009,13,23
590,Gerald Henderson,G,37,1098,.450,.490,.336,.761,16.5,4.9,2.5,1.2,0.8,,5.5,,2009,12,21
591,James Johnson,F,31,946,.542,.598,.319,.697,15.0,8.5,2.0,1.4,1.5,,5.3,,2009,16,22
592,James Johnson,G,31,1009,.359,.373,.321,.798,9.8,3.7,4.1,1.5,0.1,,1.5,,2009,16,22
593,Ty Lawson,G,35,1048,.532,.560,.472,.798,16.6,3.0,6.6,2.1,0.1,,6.9,,2009,18,21
594,Jack McClinton,G,32,1030,.449,.446,.453,.885,19.3,3.1,2.8,0.8,0.0,,5.5,,2009,51,24
595,Jeff Teague,G,31,991,.485,.502,.441,.817,18.8,3.3,3.5,1.9,0.6,,5.6,,2009,19,21
596,Solomon Alabi,C,32,820,.534,.534,0,.794,11.7,6.2,0.5,0.6,2.3,24.0,4.3,,2010,50,22
597,Al-Farouq Aminu,F,31,970,.447,.484,.273,.698,15.8,10.7,1.3,1.4,1.4,24.4,4.3,,2010,8,19
598,Trevor Booker,F,32,984,.521,.547,.265,.591,15.2,8.4,2.5,1.3,1.4,26.4,5.5,,2010,23,22
599,Dwayne Collins,F,29,716,.604,.604,0,.569,12.0,7.8,1.2,0.6,1.1,24.9,3.3,,2010,60,22
600,Ed Davis,F,23,641,.578,.578,0,.659,13.4,9.6,1.0,0.4,2.8,26.4,3.1,,2010,13,21
601,Derrick Favors,F,36,989,.611,.613,.000,.629,12.4,8.4,1.0,0.9,2.1,24.5,4.8,,2010,3,18
602,Gani Lawal,F,36,930,.529,.531,.000,.572,13.1,8.5,0.4,0.4,1.4,22.8,4.1,,2010,46,21
603,Ryan Reid,F,31,704,.491,.491,0,.597,6.8,4.0,1.1,0.6,0.5,13.7,2.1,,2010,57,23
604,Greivis Vasquez,G,33,1120,.429,.470,.359,.857,19.6,4.6,6.3,1.7,0.4,25.6,5.8,,2010,28,23
605,Kyrie Irving,G,11,303,.529,.569,.462,.901,17.5,3.4,4.3,1.5,0.5,32.5,2.4,14.8,2011,1,19
606,Reggie Jackson,G,34,1161,.503,.556,.420,.796,18.2,4.3,4.5,1.1,0.5,26.9,5.6,9.8,2011,24,21
607,Iman Shumpert,G,31,992,.406,.474,.278,.806,17.3,5.9,3.5,2.7,0.2,25.4,4.9,9.6,2011,17,20
608,Kyle Singler,F,37,1286,.430,.497,.321,.806,16.9,6.8,1.6,0.9,0.3,20.0,6.1,6.4,2011,33,23
609,Chris Singleton,F,28,814,.434,.466,.368,.667,13.1,6.8,1.2,2.0,1.5,21.9,3.9,9.0,2011,18,21
610,Nolan Smith,G,37,1259,.458,.501,.350,.813,20.6,4.5,5.1,1.2,0.1,25.7,7.4,9.9,2011,21,22
611,Jordan Williams,F,33,1073,.538,.538,0,.575,16.9,11.8,0.6,0.7,1.4,25.2,5.7,6.3,2011,36,20
612,Harrison Barnes,F,38,1111,.440,.469,.358,.723,17.1,5.2,1.1,1.1,0.3,21.2,5.0,6.8,2012,7,20
613,John Henson,F,35,1019,.500,.500,0,.511,13.7,9.9,1.3,0.6,2.9,24.7,5.0,9.0,2012,14,21
614,Bernard James,F,35,979,.606,.606,0,.552,10.8,8.1,0.5,0.7,2.3,23.3,4.3,7.6,2012,33,27
615,Kendall Marshall,G,36,1189,.467,.527,.354,.696,8.1,2.6,9.8,1.2,0.2,17.2,4.4,6.6,2012,13,20
616,Miles Plumlee,F,34,697,.610,.610,0,.632,6.6,7.1,0.5,0.5,0.9,21.8,3.1,6.2,2012,26,23
617,Austin Rivers,G,34,1129,.433,.477,.365,.658,15.5,3.4,2.1,1.0,0.0,16.9,3.5,4.0,2012,10,19
618,Mike Scott,F,32,999,.563,.577,.300,.808,18.0,8.3,1.2,0.7,0.5,30.7,6.8,10.4,2012,43,23
619,Tyler Zeller,F,38,1070,.553,.553,0,.808,16.3,9.6,0.9,0.9,1.5,29.9,7.1,10.7,2012,17,22
620,Lorenzo Brown,G,33,1129,.419,.465,.263,.771,12.4,4.3,7.2,2.0,0.6,19.9,3.6,5.5,2013,52,22
621,Reggie Bullock,G,35,1100,.483,.545,.436,.767,13.9,6.5,2.9,1.3,0.3,23.7,5.7,11.1,2013,25,22
622,Erick Green,G,32,1166,.475,.509,.389,.816,25.0,4.0,3.8,1.3,0.2,31.6,6.5,11.4,2013,46,22
623,Ryan Kelly,F,23,664,.453,.473,.422,.812,12.9,5.3,1.7,0.7,1.6,23.5,3.5,11.1,2013,48,22
624,Shane Larkin,G,36,1311,.479,.538,.406,.777,14.5,3.8,4.6,2.0,0.1,22.6,6.5,9.1,2013,18,20
625,Alex Len,C,38,1004,.534,.544,.125,.686,11.9,7.8,1.0,0.2,2.1,24.5,5.0,6.8,2013,5,20
626,Mason Plumlee,F,36,1248,.599,.599,0,.681,17.1,9.9,1.9,1.0,1.4,26.3,6.9,9.5,2013,22,23
627,Tyler Ennis,G,34,1215,.411,.429,.353,.765,12.9,3.4,5.5,2.1,0.2,21.3,5.5,8.7,2014,18,19
628,Jerami Grant,F,32,1005,.496,.506,.000,.674,12.1,6.8,1.4,0.8,0.6,21.6,4.6,6.4,2014,39,20
629,Joe Harris,G,37,1066,.441,.487,.400,.640,12.0,2.9,2.3,0.9,0.2,18.7,5.0,8.6,2014,33,22
630,Rodney Hood,F,35,1150,.464,.494,.420,.807,16.1,3.9,2.1,0.7,0.3,20.1,4.9,7.2,2014,23,21
631,K.J. McDaniels,F,36,1212,.459,.527,.304,.842,17.1,7.1,1.6,1.1,2.8,28.4,6.7,12.9,2014,32,21
632,Jabari Parker,F,35,1074,.473,.504,.358,.748,19.1,8.7,1.2,1.1,1.2,28.4,5.5,7.6,2014,2,19
633,Lamar Patterson,G,36,1174,.441,.484,.388,.754,17.1,4.9,4.3,1.4,0.3,24.2,5.9,11.4,2014,48,22
634,T.J. Warren,F,35,1238,.525,.580,.267,.690,24.9,7.1,1.1,1.8,0.6,31.3,6.5,10.8,2014,14,20
635,Justin Anderson,G,26,724,.466,.479,.452,.780,12.2,4.0,1.7,0.7,0.5,23.8,4.4,12.7,2015,21,21
636,Rakeem Christmas,F,31,1064,.552,.553,.000,.712,17.5,9.1,1.5,0.9,2.5,26.5,5.4,8.1,2015,36,23
637,Pat Connaughton,G,38,1351,.466,.537,.423,.781,12.5,7.4,1.5,0.7,0.9,19.4,5.4,7.6,2015,41,22
638,Jerian Grant,G,38,1408,.478,.572,.316,.780,16.5,3.0,6.7,1.7,0.5,25.5,7.7,9.0,2015,19,22
639,Olivier Hanlan,G,32,1204,.454,.513,.353,.759,19.5,4.2,4.2,1.3,0.0,22.2,4.4,6.4,2015,42,22
640,Montrezl Harrell,F,35,1229,.566,.602,.243,.597,15.7,9.2,1.4,0.9,1.2,24.8,6.6,9.5,2015,32,21
641,Tyus Jones,G,39,1322,.417,.440,.379,.889,11.8,3.5,5.6,1.5,0.1,20.4,6.5,9.3,2015,24,19
642,Chris McCullough,F,16,450,.478,.473,1.000,.563,9.3,6.9,1.1,1.7,2.1,18.9,1.4,5.2,2015,29,20
643,Jahlil Okafor,C,38,1143,.664,.664,0,.510,17.3,8.5,1.3,0.8,1.4,30.7,6.7,10.4,2015,3,19
644,Terry Rozier,G,36,1260,.411,.456,.306,.790,17.1,5.6,3.0,2.0,0.2,22.1,6.0,9.4,2015,16,21
645,J.P. Tokoto,F,38,1106,.428,.435,.375,.615,8.3,5.6,4.3,1.5,0.3,15.9,3.3,7.2,2015,58,21
646,Justise Winslow,F,39,1135,.486,.516,.418,.641,12.6,6.5,2.1,1.3,0.9,22.3,5.5,10.0,2015,10,19
647,Malik Beasley,G,34,1014,.471,.518,.387,.813,15.6,5.3,1.5,0.9,0.2,20.8,4.0,6.2,2016,19,19
648,Malcolm Brogdon,G,37,1263,.457,.498,.391,.897,18.2,4.1,3.1,0.9,0.2,25.1,7.0,11.3,2016,36,23
649,Brandon Ingram,G,36,1246,.442,.464,.410,.682,17.3,6.8,2.0,1.1,1.4,22.5,4.9,8.0,2016,2,18
650,Demetrius Jackson,G,35,1259,.451,.525,.331,.813,15.8,3.5,4.7,1.2,0.3,21.0,4.4,6.1,2016,45,21
651,Brice Johnson,F,40,1121,.614,.614,0,.783,17.0,10.4,1.5,1.1,1.5,33.0,7.6,12.7,2016,25,21
652,Chinanu Onuaku,F,31,762,.620,.623,.000,.589,9.9,8.5,1.6,0.8,2.0,26.4,4.2,10.5,2016,37,19
653,Marcus Paige,G,34,1075,.398,.459,.356,.774,12.6,2.5,3.8,1.1,0.4,17.4,4.2,8.0,2016,55,22
654,Malachi Richardson,G,37,1272,.369,.388,.353,.720,13.4,4.3,2.1,1.1,0.3,13.8,3.3,3.5,2016,22,20
655,Dwayne Bacon,G,35,1008,.452,.516,.333,.754,17.2,4.2,1.7,1.0,0.1,20.8,3.8,5.5,2017,40,21
656,Jaron Blossomgame,F,33,1133,.499,.565,.255,.714,17.7,6.3,1.5,0.8,0.9,23.1,4.3,6.2,2017,59,23
657,Tony Bradley,F,38,553,.573,.573,0,.619,7.1,5.1,0.6,0.3,0.6,26.2,3.1,7.9,2017,28,19
658,John Collins,F,33,878,.622,.624,.000,.745,19.2,9.8,0.5,0.6,1.6,35.9,5.6,9.9,2017,19,19
659,Harry Giles,F,26,300,.577,.577,0,.500,3.9,3.8,0.3,0.3,0.7,19.8,1.2,4.4,2017,20,19
660,Jonathan Isaac,F,32,839,.508,.593,.348,.780,12.0,7.8,1.2,1.2,1.5,24.6,4.3,10.0,2017,6,19
661,Frank Jackson,G,36,895,.473,.539,.395,.755,10.9,2.5,1.7,0.6,0.1,17.0,3.3,5.1,2017,31,19
662,Luke Kennard,G,37,1314,.489,.525,.438,.856,19.5,5.1,2.5,0.8,0.4,24.4,7.1,10.3,2017,12,20
663,Tyler Lydon,F,34,1227,.473,.523,.395,.836,13.2,8.6,2.1,1.0,1.4,20.3,4.8,7.0,2017,24,21
664,Donovan Mitchell,G,34,1098,.408,.463,.354,.806,15.6,4.9,2.7,2.1,0.5,21.8,5.4,11.1,2017,13,20
665,Davon Reed,G,33,1165,.433,.474,.397,.833,14.9,4.8,2.4,1.3,0.5,19.7,4.8,8.2,2017,32,22
666,Dennis Smith,G,32,1114,.455,.509,.359,.715,18.1,4.6,6.2,1.9,0.4,23.1,4.0,6.5,2017,9,19
667,Jayson Tatum,F,29,966,.452,.504,.342,.849,16.8,7.3,2.1,1.3,1.1,22.0,4.1,7.9,2017,3,19
668,Grayson Allen,G,37,1319,.418,.503,.370,.850,15.5,3.3,4.6,1.7,0.1,18.8,5.9,8.4,2018,21,22
669,Devon Hall,G,34,1091,.454,.472,.432,.894,11.7,4.2,3.1,0.9,0.1,20.3,5.9,10.1,2018,53,22
670,Josh Okogie,G,24,873,.416,.432,.380,.821,18.2,6.3,2.5,1.8,1.0,22.3,3.4,8.1,2018,20,19
671,Jerome Robinson,F,35,1260,.485,.533,.409,.830,20.7,3.6,3.3,0.9,0.1,21.3,4.9,5.5,2018,13,21
672,Raymond Spalding,F,36,995,.543,.560,.263,.640,12.3,8.7,1.3,1.5,1.7,25.6,4.8,8.2,2018,56,21
673,Lonnie Walker,G,32,888,.415,.487,.346,.738,11.5,2.6,1.9,0.9,0.5,16.3,2.8,5.2,2018,18,19
674,Nickeil Alexander-Walker,G,34,1167,.474,.537,.374,.778,16.2,4.1,4.0,1.9,0.5,21.9,5.5,8.9,2019,17,20
675,R.J. Barrett,F,38,1341,.454,.529,.308,.665,22.6,7.6,4.3,0.9,0.4,23.3,6.5,8.6,2019,3,19
676,Kyle Guy,G,38,1345,.449,.491,.426,.833,15.4,4.5,2.1,0.7,0.1,20.4,6.8,10.2,2019,55,21
677,De'Andre Hunter,G,38,1234,.520,.550,.438,.783,15.2,5.1,2.0,0.6,0.6,24.3,7.3,10.8,2019,4,21
678,Ty Jerome,G,37,1256,.435,.469,.399,.736,13.6,4.2,5.5,1.5,0.0,22.9,7.2,11.5,2019,24,21
679,Cameron Johnson,G,36,1076,.506,.556,.457,.818,16.9,5.8,2.4,1.2,0.3,24.9,6.2,12.9,2019,11,23
680,Mfiondu Kabengele,F,37,798,.502,.534,.369,.761,13.2,5.9,0.3,0.6,1.5,28.9,4.8,9.6,2019,27,21
681,Nassir Little,F,36,656,.478,.527,.269,.770,9.8,4.6,0.7,0.5,0.5,20.0,2.7,5.1,2019,25,19
682,Terance Mann,G,37,1174,.505,.547,.390,.790,11.4,6.5,2.5,0.7,0.3,18.9,5.1,7.7,2019,48,22
683,Cam Reddish,F,36,1069,.356,.394,.333,.772,13.5,3.7,1.9,1.6,0.6,13.6,3.0,4.5,2019,10,19
684,Coby White,G,35,999,.423,.500,.353,.800,16.1,3.5,4.1,1.1,0.3,19.2,4.1,8.0,2019,7,19
685,Zion Williamson,F,33,990,.680,.747,.338,.640,22.6,8.9,2.1,2.1,1.8,40.8,8.3,20.1,2019,1,18
686,Cole Anthony,G,22,768,.380,.402,.348,.750,18.5,5.7,4.0,1.3,0.3,17.5,2.1,5.1,2020,15,20
687,Elijah Hughes,F,32,1175,.427,.508,.342,.813,19.0,4.9,3.4,1.2,0.8,22.1,4.8,7.3,2020,39,22
688,Tre Jones,G,29,1028,.423,.447,.361,.771,16.2,4.2,6.4,1.8,0.3,21.2,4.9,8.2,2020,41,20
689,Jordan Nwora,F,31,1026,.440,.469,.402,.813,18.0,7.7,1.3,0.7,0.3,22.6,5.2,8.2,2020,45,22
690,Cassius Stanley,G,29,796,.474,.527,.360,.733,12.6,4.9,1.0,0.7,0.7,18.5,3.3,5.4,2020,54,21
691,Devin Vassell,G,30,863,.490,.532,.415,.738,12.7,5.1,1.6,1.4,1.0,23.8,4.7,10.9,2020,11,20
692,Patrick Williams,F,29,653,.459,.503,.320,.838,9.2,4.0,1.0,1.0,1.0,19.4,2.5,5.5,2020,4,19
693,Scottie Barnes,G,24,595,.503,.561,.275,.621,10.3,4.0,4.1,1.5,0.5,21.4,2.4,7.9,2021,4,19
694,Raiquan Gray,F,25,658,.517,.558,.267,.763,11.9,6.4,2.2,1.2,0.7,22.2,3.0,7.4,2021,59,22
695,David Johnson,G,19,667,.411,.426,.386,.700,12.6,5.8,3.2,1.1,0.3,13.4,1.4,3.1,2021,47,20
696,Balsa Koprivica,C,24,468,.599,.596,1.000,.689,9.1,5.6,0.8,0.3,1.4,24.8,2.3,6.7,2021,57,21
697,Day'Ron Sharpe,F,29,556,.519,.523,.000,.505,9.5,7.6,1.4,0.8,0.9,25.5,2.3,7.5,2021,29,19
698,DeAndre Daniels,F,38,1103,.469,.491,.417,.787,13.1,6.0,0.4,0.7,1.4,20.0,4.4,5.6,2014,37,22
699,Shabazz Napier,G,40,1404,.429,.448,.405,.870,18.0,5.9,4.9,1.8,0.3,25.5,7.9,12.0,2014,24,22
700,Russ Smith,G,37,1084,.468,.517,.387,.705,18.2,3.3,4.6,2.0,0.1,26.2,6.7,11.5,2014,47,23
701,Daniel Hamilton,G,36,1147,.387,.416,.331,.860,12.5,8.9,4.7,1.1,0.4,20.0,4.7,8.0,2016,56,20
702,Sterling Brown,G,35,1143,.459,.465,.449,.791,13.4,6.5,3.0,1.4,0.5,21.7,6.0,8.9,2017,46,22
703,Damyean Dotson,G,32,1098,.470,.505,.443,.830,17.4,6.9,1.1,0.9,0.2,23.9,5.9,9.4,2017,44,23
704,Semi Ojeleye,F,35,1195,.487,.529,.424,.785,19.0,6.9,1.5,0.4,0.4,26.5,7.7,9.3,2017,37,22
705,Jacob Evans,G,36,1107,.427,.470,.370,.754,13.0,4.7,3.1,1.3,1.0,20.5,5.9,9.9,2018,28,21
706,Shake Milton,G,22,800,.449,.462,.434,.847,18.0,4.7,4.4,1.4,0.6,24.2,4.2,8.7,2018,54,21
707,Landry Shamet,G,32,1015,.489,.560,.442,.825,14.9,3.2,5.2,0.7,0.2,21.4,4.9,8.6,2018,26,21
708,Quentin Grimes,G,30,984,.406,.410,.403,.788,17.8,5.7,2.0,1.4,0.3,23.5,6.1,10.8,2021,25,21
709,Hanno Mottola,F,21,579,.498,.549,.350,.827,17.0,4.8,1.7,0.2,0.6,,3.4,,2000,40,23
710,Marcus Banks,G,32,1154,.514,.583,.336,.757,20.3,3.3,5.5,2.8,0.1,,5.6,,2003,13,21
711,Travis Hansen,G,32,1025,.441,.480,.340,.799,16.8,4.8,2.4,0.9,0.6,,4.6,,2003,37,25
712,Andrew Bogut,F,35,1224,.620,.636,.360,.692,20.4,12.2,2.3,1.0,1.9,,10.9,,2005,1,20
713,Danny Granger,F,30,900,.524,.563,.433,.755,18.8,8.9,2.4,2.1,2.0,,7.6,,2005,17,22
714,Jason Smith,F,30,905,.579,.585,.000,.770,16.8,10.1,1.9,0.5,1.6,,4.7,,2007,20,21
715,J.R. Giddens,G,33,1063,.516,.557,.333,.586,16.3,8.8,3.1,1.4,1.2,,7.2,,2008,30,23
716,Trent Plaisted,F,35,958,.542,.542,0,.542,15.6,7.7,1.5,0.4,1.0,,5.3,,2008,46,21
717,Darington Hobson,F,35,1175,.440,.465,.361,.653,15.9,9.3,4.6,1.3,0.4,23.5,5.2,,2010,37,22
718,Jimmer Fredette,G,37,1323,.452,.491,.396,.894,28.9,3.4,4.3,1.3,0.0,30.9,8.5,10.8,2011,10,22
719,Kawhi Leonard,F,36,1172,.444,.478,.291,.759,15.5,10.6,2.5,1.4,0.6,26.5,6.8,9.2,2011,15,19
720,Anthony Bennett,F,35,950,.533,.587,.375,.701,16.1,8.1,1.0,0.7,1.2,28.3,5.7,8.6,2013,1,20
721,Jamaal Franklin,G,32,1058,.411,.492,.272,.781,16.9,9.5,3.3,1.6,0.8,24.8,5.3,8.5,2013,41,21
722,Colton Iverson,F,35,1033,.596,.596,0,.590,14.2,9.8,1.3,0.6,0.7,27.4,5.7,7.9,2013,53,23
723,Tony Snell,G,35,1093,.422,.452,.390,.843,12.5,2.6,2.9,0.8,0.5,17.0,3.6,6.2,2013,20,21
724,Cameron Bairstow,F,34,1119,.556,.558,.333,.735,20.4,7.4,1.6,0.6,1.5,29.0,6.5,9.7,2014,49,23
725,Xavier Thames,G,36,1126,.411,.432,.374,.834,17.6,2.9,3.2,1.6,0.1,26.5,7.5,12.4,2014,59,23
726,Rashad Vaughn,G,23,742,.439,.481,.383,.694,17.8,4.8,1.6,0.8,0.3,20.2,2.5,4.5,2015,17,18
727,Patrick McCaw,G,33,1113,.465,.571,.366,.774,14.7,5.1,3.9,2.5,0.4,21.3,5.0,7.6,2016,38,20
728,Stephen Zimmerman,F,26,680,.477,.492,.294,.624,10.5,8.7,0.8,0.5,2.0,17.6,2.1,1.4,2016,41,19
729,Chandler Hutchison,G,31,961,.475,.523,.359,.728,20.0,7.7,3.5,1.5,0.3,25.9,5.0,8.9,2018,22,22
730,Justin James,G,32,1221,.409,.459,.296,.741,22.1,8.5,4.4,1.5,0.6,21.5,2.9,2.7,2019,40,22
731,Cody Martin,F,34,1171,.505,.574,.358,.763,12.1,4.5,4.9,1.4,0.7,19.1,5.4,7.0,2019,36,23
732,Jalen McDaniels,F,34,1055,.466,.495,.320,.732,15.9,8.3,2.1,1.1,0.5,20.7,4.0,3.3,2019,52,21
733,Malachi Flynn,G,32,1070,.441,.507,.373,.857,17.6,4.5,5.1,1.8,0.1,27.7,7.4,11.7,2020,29,22
734,Justinian Jessup,G,32,1151,.426,.471,.397,.959,16.0,4.4,2.1,1.4,0.5,20.1,5.2,7.2,2020,51,22
735,Sam Merrill,G,32,1119,.461,.515,.410,.893,19.7,4.1,3.9,0.9,0.1,25.0,7.1,9.9,2020,60,24
736,Neemias Queta,C,29,871,.559,.562,.000,.707,14.9,10.1,2.7,1.1,3.3,30.5,5.8,12.2,2021,39,22
737,Brandon Armstrong,G,31,1027,.447,.484,.384,.826,22.1,3.3,1.5,1.5,0.2,,4.8,,2001,23,21
738,Dan Dickau,G,32,1110,.441,.419,.457,.864,21.0,3.0,4.7,0.8,0.1,,6.5,,2002,28,23
739,Blake Stepp,G,31,1027,.431,.525,.376,.830,14.6,4.6,6.7,1.2,0.1,,4.6,,2004,58,22
740,Alex Acker,G,31,1152,.450,.459,.431,.858,16.6,6.5,3.7,1.3,0.5,,4.0,,2005,60,22
741,Ronny Turiaf,F,31,967,.508,.513,.286,.683,15.9,9.5,1.5,0.4,1.9,,4.8,,2005,37,22
742,Adam Morrison,F,33,1205,.496,.523,.428,.772,28.1,5.5,1.7,1.1,0.3,,6.8,,2006,3,21
743,Austin Daye,F,34,895,.477,.494,.429,.706,12.7,6.8,1.1,0.7,2.1,,5.7,,2009,15,21
744,Robert Sacre,C,33,868,.511,.515,.000,.761,11.6,6.3,0.7,0.4,1.4,22.3,4.2,4.6,2012,60,23
745,Kelly Olynyk,F,32,845,.629,.660,.300,.776,17.8,7.3,1.7,0.7,1.1,36.2,6.7,13.9,2013,13,22
746,Domantas Sabonis,F,36,1149,.611,.621,.357,.769,17.6,11.8,1.8,0.6,0.9,29.3,7.5,8.2,2016,11,20
747,Zach Collins,F,39,673,.652,.672,.476,.743,10.0,5.9,0.4,0.5,1.8,31.0,5.0,10.6,2017,10,19
748,Nigel Williams-Goss,G,38,1248,.486,.527,.368,.867,16.8,6.0,4.7,1.7,0.1,25.2,8.1,10.8,2017,55,22
749,Brandon Clarke,F,37,1040,.687,.705,.267,.694,16.9,8.6,1.9,1.2,3.2,37.2,8.8,16.3,2019,21,22
750,Rui Hachimura,F,37,1117,.591,.606,.417,.739,19.7,6.5,1.5,0.9,0.7,28.6,7.4,9.4,2019,9,21
751,Kessler Edwards,F,27,916,.491,.553,.378,.876,17.2,6.8,1.2,1.0,1.2,21.8,3.9,5.6,2021,44,20
752,Corey Kispert,F,32,1019,.529,.628,.440,.878,18.6,5.0,1.8,0.9,0.4,25.4,6.4,11.1,2021,15,22
753,Jalen Suggs,G,30,868,.503,.588,.337,.754,14.4,5.3,4.5,1.9,0.3,22.6,4.6,9.4,2021,5,20
754,Mark Karcher,F,32,1022,.378,.407,.349,.569,15.8,4.6,2.2,1.8,0.2,,3.7,,2000,48,21
755,Rasual Butler,F,32,1252,.434,.464,.361,.855,20.9,8.8,1.4,1.3,1.3,,5.5,,2002,52,23
756,David West,F,32,1168,.513,.524,.346,.816,20.1,11.8,3.2,1.3,1.6,,9.7,,2003,18,22
757,Lionel Chalmers,G,37,1293,.449,.498,.409,.709,16.6,3.3,3.2,1.1,0.0,,5.6,,2004,33,23
758,Jameer Nelson,G,32,1085,.475,.526,.390,.792,20.6,4.7,5.3,2.8,0.0,,6.6,,2004,20,22
759,Romain Sato,G,37,1366,.404,.456,.349,.829,16.3,8.0,2.3,1.3,0.1,,5.9,,2004,52,23
760,Delonte West,G,32,1073,.510,.557,.412,.892,18.9,5.4,4.7,1.7,0.2,,7.0,,2004,24,20
761,Mardy Collins,G,32,1212,.432,.483,.307,.596,16.8,4.7,4.0,2.8,0.2,,4.8,,2006,29,21
762,J.R. Pinnock,G,30,948,.485,.563,.275,.709,14.5,5.3,3.1,2.4,0.5,,4.5,,2006,58,22
763,Stephane Lasme,F,33,1010,.611,.611,0,.622,13.5,9.5,0.8,0.9,5.1,,7.5,,2007,46,24
764,Derrick Brown,F,35,1033,.504,.530,.433,.741,13.7,6.1,1.9,0.7,0.9,,5.6,,2009,40,21
765,Ahmad Nivins,F,32,1259,.612,.614,.000,.787,19.2,11.8,1.0,0.8,1.8,,8.4,,2009,56,22
766,Jordan Crawford,G,35,1147,.462,.501,.391,.773,20.5,4.7,2.9,1.3,0.2,25.4,5.9,,2010,27,21
767,Lavoy Allen,F,33,1120,.480,.490,.294,.697,11.6,8.6,2.3,0.7,1.8,20.3,4.6,5.6,2011,50,22
768,Justin Harper,F,37,1178,.534,.585,.448,.797,17.9,6.9,1.2,0.6,1.2,29.0,7.1,9.7,2011,32,21
769,Derrick Williams,F,27,121,.520,.556,.429,.762,1.7,1.0,0.1,0.1,0.0,18.6,0.6,-0.5,2011,2,20
770,Andrew Nicholson,F,32,962,.571,.593,.434,.776,18.5,8.4,1.0,0.7,2.0,31.6,5.8,9.4,2012,19,22
771,Cady Lalanne,C,32,929,.552,.582,.167,.636,11.6,9.5,0.3,0.6,1.9,20.8,2.9,2.4,2015,55,23
772,Kostas Antetokounmpo,F,29,438,.574,.651,.133,.516,5.2,2.9,0.4,0.2,1.1,13.7,0.7,-2.1,2018,60,20
773,Obi Toppin,F,31,981,.633,.698,.390,.702,20.0,7.5,2.2,1.0,1.2,32.5,6.8,12.3,2020,8,22
774,Kyle Korver,F,34,1082,.468,.443,.480,.908,17.8,6.4,3.1,1.5,0.7,,7.8,,2003,51,22
775,Patrick O'Bryant,C,25,642,.552,.552,0,.676,13.4,8.3,0.8,0.9,2.9,,5.2,,2006,9,20
776,Cleanthony Early,F,36,986,.484,.579,.373,.844,16.4,5.9,0.8,0.8,0.8,26.5,6.1,9.0,2014,34,23
777,Alize Johnson,F,33,1028,.430,.516,.281,.759,15.0,11.6,2.8,0.5,0.4,24.1,4.7,5.9,2018,50,22
778,DerMarr Johnson,G,32,879,.478,.575,.371,.737,12.6,3.8,1.4,1.0,0.9,,4.8,,2000,6,20
779,Kenyon Martin,C,31,909,.568,.573,.286,.684,18.9,9.7,1.4,1.4,3.5,,9.0,,2000,1,22
780,Pete Mickeal,F,32,1002,.504,.545,.350,.723,13.5,6.3,1.8,1.4,0.5,,5.5,,2000,58,22
781,Quentin Richardson,F,33,1150,.432,.464,.384,.706,17.0,9.8,2.2,1.1,0.3,,5.0,,2000,18,20
782,Alton Ford,C,26,663,.432,.462,.265,.609,10.8,5.9,0.7,0.2,0.7,,1.2,,2001,50,20
783,Steven Hunter,C,30,808,.592,.592,0,.536,11.4,5.6,0.5,0.2,2.4,,3.5,,2001,15,19
784,Maurice Jeffers,F,31,1011,.449,.451,.438,.777,16.0,6.1,2.5,0.9,0.5,,4.1,,2001,54,22
785,Kenny Satterfield,G,35,1203,.387,.415,.333,.788,14.4,4.7,5.1,1.7,0.2,,4.6,,2001,53,20
786,Bobby Simmons,F,29,981,.447,.524,.370,.800,16.7,8.6,2.5,0.8,0.1,,3.9,,2001,41,21
787,Rodney White,F,28,865,.487,.533,.347,.713,18.7,6.5,1.5,1.2,0.7,,4.4,,2001,9,20
788,Steve Logan,G,35,1195,.457,.519,.374,.873,22.0,3.1,5.3,0.9,0.0,,8.0,,2002,29,22
789,Dajuan Wagner,G,36,1146,.410,.453,.317,.722,21.2,2.5,3.6,1.2,0.6,,4.1,,2002,6,19
790,Reece Gaines,G,32,1030,.462,.534,.391,.736,17.9,2.9,5.0,1.7,0.1,,5.5,,2003,15,22
791,Dwyane Wade,G,33,1058,.501,.519,.318,.779,21.5,6.3,4.4,2.2,1.3,,6.5,,2003,5,21
792,Antonio Burks,G,30,1030,.474,.511,.413,.632,16.0,3.2,5.5,2.4,0.2,,5.1,,2004,36,24
793,Antonio Burks,F,30,903,.492,.505,.476,.756,15.3,4.5,1.4,0.5,0.1,,5.0,,2004,36,24
794,Travis Diener,G,23,783,.420,.438,.405,.838,19.7,3.9,7.0,1.3,0.0,,4.3,,2005,38,23
795,Francisco Garcia,F,38,1211,.437,.496,.366,.877,15.7,4.2,3.9,1.7,1.5,,7.5,,2005,23,23
796,Jason Maxiell,F,33,1037,.543,.545,.400,.645,15.3,7.7,0.8,1.0,2.7,,7.3,,2005,26,22
797,Rodney Carney,F,37,1027,.436,.484,.391,.712,17.2,4.3,1.3,1.3,0.7,,5.5,,2006,16,22
798,Shawne Williams,F,36,1002,.416,.489,.312,.786,13.2,6.2,1.9,1.4,1.4,,5.3,,2006,17,20
799,Morris Almond,G,32,1069,.483,.496,.456,.846,26.4,6.6,1.2,1.2,0.8,,7.1,,2007,25,22
800,Joey Dorsey,F,38,958,.647,.647,0,.378,6.9,9.5,0.5,1.1,1.9,,7.5,,2008,33,24
801,Chris Douglas-Roberts,G,40,1147,.541,.578,.413,.712,18.1,4.1,1.8,1.2,0.5,,8.1,,2008,40,21
802,Derrick Rose,G,40,1168,.477,.521,.337,.712,14.9,4.5,4.7,1.2,0.4,,6.6,,2008,1,19
803,Walter Sharpe,F,12,299,.523,.535,.000,.523,14.2,6.8,1.7,1.2,1.8,,1.7,,2008,32,21
804,Robert Dozier,F,37,1118,.519,.549,.375,.721,12.9,7.5,1.4,1.3,1.6,,8.4,,2009,60,23
805,Tyreke Evans,G,37,1072,.455,.514,.274,.711,17.1,5.4,3.9,2.1,0.8,,7.2,,2009,4,19
806,Jermaine Taylor,G,31,989,.480,.551,.376,.812,26.2,5.2,1.9,1.3,0.8,,6.2,,2009,32,22
807,Robert Vaden,G,34,1240,.397,.480,.346,.740,17.6,4.9,2.1,1.0,0.6,,4.5,,2009,54,24
808,Derrick Caracter,F,27,720,.567,.585,.267,.672,14.1,8.1,1.1,1.0,0.9,23.9,3.4,,2010,58,22
809,Jerome Jordan,C,35,1043,.549,.549,0,.688,15.4,9.1,1.3,0.5,2.3,27.4,5.6,,2010,44,23
810,Hassan Whiteside,C,34,889,.524,.522,.600,.588,13.1,8.9,0.3,0.6,5.4,29.1,4.5,,2010,33,21
811,Elliot Williams,G,34,1133,.459,.527,.366,.758,17.9,4.0,3.8,1.3,0.1,23.6,5.6,,2010,22,21
812,Will Barton,G,35,1236,.509,.559,.346,.749,18.0,8.0,2.9,1.4,0.7,26.6,7.2,9.8,2012,40,21
813,Charles Bassey,C,28,851,.590,.652,.305,.759,17.6,11.6,0.7,0.4,3.1,32.7,5.4,9.1,2021,53,20
814,Eric Maynor,G,34,1206,.463,.516,.361,.815,22.4,3.6,6.2,1.7,0.2,,6.9,,2009,20,22
815,Larry Sanders,F,35,941,.534,.547,.250,.641,14.4,9.1,1.0,0.7,2.6,29.5,5.4,,2010,15,21
816,Charles Jenkins,G,33,1232,.517,.563,.420,.824,22.6,3.4,4.8,1.7,0.7,31.4,7.3,9.6,2011,44,22
817,Jarrell Brantley,F,33,1121,.517,.582,.328,.785,19.4,8.4,2.4,1.4,0.9,28.2,5.8,5.1,2019,50,23
818,Justin Wright-Foreman,G,35,1321,.511,.568,.425,.864,27.1,4.0,2.9,0.9,0.2,28.9,7.4,6.0,2019,53,21
819,Grant Riller,G,31,1039,.499,.554,.362,.827,21.9,5.1,3.9,1.6,0.3,30.6,5.8,7.1,2020,56,23
820,Kevin Martin,G,27,843,.474,.547,.336,.817,24.9,4.8,1.7,1.9,0.3,,5.4,,2004,26,21
821,Kevin Martin,C,28,263,.516,.516,0,.652,4.4,2.4,0.1,0.2,0.5,,1.1,,2004,26,21
822,Stephen Curry,G,34,1145,.454,.519,.387,.876,28.6,4.4,5.6,2.5,0.2,,9.9,,2009,7,21
823,Andrew Goudelock,G,37,1302,.455,.496,.407,.821,23.7,3.9,4.2,0.9,0.2,26.7,6.5,6.0,2011,46,22
824,Courtney Alexander,G,27,974,.447,.499,.331,.781,24.8,4.7,3.5,1.4,0.1,,3.0,,2000,13,23
825,Jeryl Sasser,G,29,1011,.394,.437,.287,.718,17.0,8.3,0.8,1.4,0.6,,2.9,,2001,22,22
826,Melvin Ely,C,28,999,.563,.564,.000,.735,23.3,9.1,1.8,0.7,3.1,,6.7,,2002,12,24
827,Chris Jefferies,F,21,726,.418,.474,.347,.634,17.3,6.3,3.0,1.2,1.2,,2.6,,2002,27,22
828,Kirk Snyder,G,34,1079,.431,.470,.348,.731,18.8,5.7,3.4,1.0,0.6,,5.2,,2004,16,21
829,Paul Millsap,F,33,1126,.571,.578,.357,.623,19.6,13.3,1.1,1.9,2.3,,10.8,,2006,47,21
830,Nick Fazekas,F,32,969,.568,.591,.431,.848,20.4,11.1,1.8,0.8,1.5,,7.6,,2007,34,22
831,Dominic McGuire,G,32,1054,.471,.516,.299,.586,13.5,9.8,3.3,0.9,3.6,,5.8,,2007,47,21
832,Ramon Sessions,G,34,1028,.452,.465,.380,.825,12.3,4.7,4.7,0.9,0.2,,3.4,,2007,56,21
833,JaVale McGee,F,33,902,.529,.556,.333,.525,14.1,7.3,0.6,0.8,2.8,,4.0,,2008,18,20
834,Luke Babbitt,F,34,1260,.500,.521,.416,.917,21.9,8.9,2.1,1.0,0.8,27.7,6.7,,2010,16,21
835,Paul George,F,29,962,.424,.485,.353,.909,16.8,7.2,3.0,2.2,0.8,24.3,4.2,,2010,10,20
836,Armon Johnson,G,34,1172,.495,.544,.239,.678,15.7,3.4,5.6,0.8,0.4,18.8,3.0,,2010,34,21
837,Magnum Rolle,F,34,1025,.514,.514,0,.660,13.9,8.4,0.8,0.8,2.1,24.0,4.2,,2010,51,24
838,Pascal Siakam,F,34,1176,.539,.549,.200,.678,20.3,11.6,1.7,1.0,2.2,31.6,7.8,8.2,2016,27,22
839,Luis Flores,G,31,1121,.442,.478,.374,.863,24.0,3.9,1.6,1.9,0.1,,6.1,,2004,55,23
840,Jared Jordan,G,33,1252,.425,.511,.298,.690,17.2,5.9,8.7,1.4,0.1,,4.0,,2007,45,22
841,Jason Thompson,C,34,1177,.560,.578,.324,.581,20.4,12.1,2.7,1.1,2.7,,6.9,,2008,12,21
842,Kaniel Dickens,C,29,796,.486,.502,.382,.638,12.1,6.6,0.9,0.9,0.9,,2.4,,2000,50,21
843,Pape Sow,F,28,901,.494,.507,.333,.675,17.3,9.7,0.9,1.6,0.6,,3.9,,2004,47,22
844,Orlando Johnson,G,31,1067,.451,.464,.427,.698,19.7,5.8,2.9,1.1,0.7,26.0,5.2,6.3,2012,36,23
845,James Ennis,G,33,1093,.491,.585,.357,.834,16.5,6.7,2.1,1.8,1.3,25.3,4.7,7.1,2013,50,22
846,Jason Jennings,C,30,842,.567,.567,0,.790,14.6,6.6,0.9,0.3,3.4,,5.8,,2002,42,23
847,Orien Greene,G,24,775,.388,.443,.321,.756,11.7,4.7,4.1,2.8,0.3,,2.5,,2005,53,23
848,Courtney Lee,G,36,1079,.477,.515,.397,.822,20.4,4.9,2.1,1.8,0.8,,6.9,,2008,22,22
849,Jeremy Evans,F,34,901,.649,.673,.250,.688,10.0,6.9,0.7,0.8,1.8,25.7,4.9,,2010,55,22
850,Tony Mitchell,F,32,1037,.440,.505,.300,.675,13.0,8.5,0.8,1.0,2.7,20.8,3.3,2.2,2013,37,21
851,Elfrid Payton,G,35,1258,.509,.541,.259,.609,19.2,6.0,5.9,2.3,0.6,25.2,5.6,6.8,2014,10,20
852,R.J. Hunter,G,35,1294,.395,.488,.305,.878,19.7,4.7,3.6,2.1,1.0,25.8,6.9,7.1,2015,28,21
853,Kevin Hervey,F,33,1064,.446,.522,.339,.807,20.5,8.5,2.2,1.2,0.6,23.7,4.6,5.5,2018,57,21
854,Miye Oni,G,29,898,.441,.487,.371,.793,17.1,6.3,3.6,0.9,1.3,22.0,3.7,4.2,2019,58,22
855,Tamar Slay,G,30,1031,.446,.468,.419,.731,18.9,5.4,2.4,1.6,0.5,,3.2,,2002,53,22
856,Brandon Hunter,F,30,1146,.523,.545,.297,.594,21.5,12.6,2.6,0.8,1.2,,3.7,,2003,56,22
857,Chris Kaman,C,31,1055,.622,.622,0,.749,22.4,12.0,1.2,0.6,3.2,,6.8,,2003,6,21
858,Richaun Holmes,F,31,892,.563,.588,.419,.712,14.7,8.0,0.8,0.7,2.7,30.4,5.1,8.7,2015,37,21
859,Jason Preston,G,20,691,.514,.576,.390,.596,15.7,7.3,7.3,1.5,0.3,24.1,3.2,7.2,2021,33,21
860,Trenton Hassell,F,32,1213,.485,.520,.390,.796,21.7,7.8,4.5,1.2,0.5,,4.5,,2001,29,22
861,Kyle Hill,G,31,1042,.473,.497,.432,.839,23.8,4.9,4.0,1.5,0.7,,5.2,,2001,43,22
862,Ricky Minard,F,29,994,.451,.503,.326,.776,21.8,7.3,5.1,2.1,0.5,,3.7,,2004,48,21
863,Lester Hudson,G,32,1153,.449,.520,.355,.881,27.5,7.9,4.2,2.3,0.6,,7.6,,2009,58,24
864,Kenneth Faried,F,35,1216,.623,.623,0,.577,17.3,14.5,1.1,1.9,2.3,34.7,8.3,8.5,2011,22,21
865,Kevin Murphy,G,33,1139,.444,.460,.416,.721,20.6,5.2,2.3,0.8,0.2,20.8,3.7,0.6,2012,47,22
866,Isaiah Canaan,G,31,1131,.431,.494,.370,.822,21.8,3.5,4.3,1.5,0.1,25.2,5.9,5.8,2013,34,22
867,Cameron Payne,G,35,1127,.456,.513,.377,.787,20.2,3.7,6.0,1.9,0.5,30.1,7.3,9.9,2015,14,20
868,Ja Morant,G,33,1207,.499,.556,.363,.813,24.5,5.7,10.0,1.8,0.8,31.6,8.2,10.0,2019,2,19
869,Dylan Windler,F,33,1097,.540,.659,.429,.847,21.3,10.8,2.5,1.4,0.6,30.4,7.2,10.3,2019,26,22
870,George Hill,G,32,1179,.545,.580,.450,.812,21.5,6.8,4.3,1.8,0.4,,7.8,,2008,26,22
871,Keith Benson,C,35,1133,.547,.556,.391,.643,17.9,10.1,1.1,0.8,3.6,28.8,5.7,5.4,2011,48,22
872,Nate Wolters,G,33,1256,.485,.539,.379,.813,22.3,5.6,5.8,1.7,0.1,32.0,8.5,9.6,2013,38,22
873,Dan McClintock,C,31,754,.597,.597,0,.682,15.6,6.5,1.2,0.4,2.3,,4.5,,2000,53,23
874,Rodney Stuckey,G,29,965,.453,.541,.267,.846,24.6,4.7,5.5,2.4,0.3,,3.6,,2007,15,21
875,Damian Lillard,G,32,1105,.467,.517,.409,.887,24.5,5.0,4.0,1.5,0.2,34.0,8.0,9.8,2012,6,21
876,Tyler Harvey,G,32,1182,.469,.528,.431,.852,23.1,3.6,2.6,1.1,0.1,26.9,6.1,4.4,2015,51,21
877,Joel Bolomboy,F,33,1041,.573,.613,.364,.697,17.1,12.6,1.1,0.7,1.2,29.1,6.5,4.3,2016,52,22
878,Speedy Claxton,G,31,1089,.470,.500,.381,.764,22.8,5.4,6.0,3.3,0.2,,7.0,,2000,20,22
879,Willie Green,G,30,1021,.490,.519,.374,.805,22.6,4.9,2.5,1.3,0.4,,5.8,,2003,41,21
880,Gordon Hayward,F,37,1239,.464,.592,.294,.829,15.5,8.2,1.7,1.1,0.8,24.3,6.9,,2010,9,20
881,Norris Cole,G,36,1285,.439,.473,.342,.853,21.7,5.8,5.3,2.2,0.1,30.0,8.3,10.2,2011,28,22
882,Shelvin Mack,G,38,1219,.408,.462,.354,.769,16.0,4.5,3.4,0.8,0.1,21.0,5.0,6.6,2011,34,21
883,Ray McCallum,G,33,1208,.491,.562,.323,.717,18.7,5.1,4.5,1.9,0.6,25.7,6.0,7.3,2013,36,22
884,Alec Brown,F,30,909,.476,.498,.420,.727,15.3,5.7,1.0,0.5,3.1,22.7,3.9,4.7,2014,50,21
885,Kay Felder,G,35,1286,.440,.485,.355,.848,24.4,4.3,9.3,2.0,0.2,28.7,7.6,8.3,2016,54,21
886,Alec Peters,F,29,1019,.466,.519,.363,.887,23.0,10.1,2.2,0.8,0.4,28.7,6.1,7.9,2017,54,22
887,C.J. McCollum,G,12,372,.495,.485,.516,.849,23.9,5.0,2.9,1.4,0.3,34.7,2.4,9.3,2013,10,21
888,Mike Muscala,F,34,1079,.509,.519,.250,.789,18.7,11.1,2.3,0.5,2.4,35.7,8.3,12.5,2013,44,21
889,Santi Aldama,F,17,595,.513,.585,.368,.686,21.2,10.1,2.3,1.0,1.7,28.6,3.1,7.7,2021,30,20
890,Mike Smith,G,28,1011,.424,.511,.338,.801,20.1,9.4,3.4,1.5,0.9,,4.6,,2000,35,24
891,Corsley Edwards,C,32,992,.504,.504,0,.761,15.4,8.7,1.0,1.4,1.5,,6.4,,2002,57,23
892,Kyle O'Quinn,C,36,1125,.573,.610,.188,.696,15.9,10.3,1.4,0.7,2.7,28.6,6.2,5.0,2012,49,22
